bias;Length;Diameter;Height;Whole;Shucked;Sex_Female;Sex_Masculine;Shellweight
1;0.186567164;0.155963303;0.195652174;0.011687622;0.333333333;0;1;0.01
1;0.813432836;0.76146789;0.826086957;0.43332743;0.333333333;1;0;0.435
1;0.410447761;0.376146789;0.369565217;0.074021604;0.333333333;1;0;0.068
1;0.537313433;0.504587156;0.5;0.143084824;0.333333333;1;0;0.096
1;0.507462687;0.495412844;0.565217391;0.146980698;0.333333333;0;1;0.144
1;0.492537313;0.449541284;0.47826087;0.114042855;0.333333333;1;0;0.11
1;0.23880597;0.211009174;0.195652174;0.017531433;0.333333333;0;1;0.0195
1;0.910447761;0.853211009;0.608695652;0.474942447;0.333333333;0;1;0.4
1;0.664179104;0.642201835;0.565217391;0.20382504;0.333333333;1;0;0.179
1;0.753731343;0.743119266;0.47826087;0.351159908;0.333333333;1;0;0.28
1;0.708955224;0.706422018;0.62079165;0.316097043;0.333333333;1;0;0.32
1;0.723880597;0.706422018;0.673913043;0.282627944;0.333333333;1;0;0.25
1;0.649253731;0.633027523;0.52173913;0.202408358;0.333333333;1;0;0.195
1;0.664179104;0.633027523;0.47826087;0.204710466;0.333333333;0;1;0.185
1;0.686567164;0.669724771;0.586956522;0.279440411;0.333333333;0;1;0.25
1;0.708955224;0.724770642;0.52173913;0.325128387;0.333333333;0;1;0.29
1;0.753731343;0.733944954;0.673913043;0.401806269;0.333333333;1;0;0.275
1;0.902985075;0.926605505;0.804347826;0.628829467;0.666666667;1;0;0.415
1;0.865671642;0.963302752;0.847826087;0.736143085;0.666666667;0;1;0.601
1;0.440298507;0.412844037;0.369565217;0.100761466;0.333333333;1;0;0.0795
1;0.5;0.467889908;0.347826087;0.117407473;0.333333333;1;0;0.091
1;0.679104478;0.660550459;0.456521739;0.208783425;0.333333333;1;0;0.18
1;0.813432836;0.788990826;0.739130435;0.416681424;0.333333333;1;0;0.39
1;0.395522388;0.385321101;0.326086957;0.06428192;0.333333333;0;1;0.065
1;0.365671642;0.348623853;0.282608696;0.05436515;0.333333333;0;1;0.049
1;0.52238806;0.532110092;0.5;0.149814061;0.333333333;1;0;0.154
1;0.380597015;0.357798165;0.413043478;0.060031875;0.333333333;1;0;0.06
1;0.402985075;0.366972477;0.347826087;0.070302816;0.333333333;0;1;0.063
1;0.611940299;0.623853211;0.565217391;0.222241898;0.333333333;0;1;0.225
1;0.649253731;0.614678899;0.543478261;0.22365858;0.333333333;1;0;0.2
1;0.380597015;0.366972477;0.304347826;0.071896582;0.333333333;1;0;0.055
1;0.335820896;0.321100917;0.300507147;0.048344254;0.333333333;1;0;0.037
1;0.567164179;0.52293578;0.543478261;0.162918364;0.333333333;0;1;0.12
1;0.723880597;0.688073394;0.608695652;0.311846998;0.333333333;1;0;0.31
1;0.507462687;0.495412844;0.391304348;0.113157429;0.333333333;1;0;0.105
1;0.365671642;0.339449541;0.347826087;0.05507349;0.333333333;1;0;0.0425
1;0.78358209;0.80733945;0.673913043;0.438994156;0.333333333;0;1;0.34
1;0.402985075;0.357798165;0.347826087;0.071188242;0.333333333;1;0;0.055
1;0.425373134;0.412844037;0.304347826;0.061448557;0.333333333;1;0;0.07
1;0.589552239;0.559633028;0.52173913;0.166460067;0.333333333;1;0;0.15
1;0.723880597;0.706422018;0.565217391;0.328138835;0.333333333;1;0;0.3
1;0.365671642;0.366972477;0.391304348;0.061448557;0.333333333;1;0;0.065
1;0.611940299;0.577981651;0.565217391;0.202054188;0.333333333;0;1;0.175
1;0.791044776;0.733944954;0.652173913;0.390118647;0.333333333;0;1;0.325
1;0.910447761;0.899082569;0.739130435;0.625464849;0.666666667;1;0;0.485
1;0.544776119;0.52293578;0.52173913;0.147866124;0.333333333;1;0;0.13
1;0.813432836;0.834862385;0.717391304;0.571276784;0.666666667;0;1;0.675
1;0.723880597;0.724770642;0.652173913;0.325836727;0.333333333;0;1;0.26
1;0.835820896;0.844036697;0.782608696;0.485036302;0.666666667;1;0;0.45
1;0.388059701;0.385321101;0.413043478;0.077917478;0.333333333;0;1;0.075
1;0.78358209;0.76146789;0.717391304;0.390649903;0.333333333;0;1;0.315
1;0.268656716;0.247706422;0.173913043;0.028687799;0.333333333;1;0;0.027
1;0.71641791;0.71559633;0.543478261;0.295378077;0.333333333;0;1;0.275
1;0.768656716;0.724770642;0.760869565;0.453692226;0.333333333;0;1;0.425
1;0.686567164;0.633027523;0.608695652;0.284221711;0.333333333;1;0;0.21
1;0.455223881;0.422018349;0.391304348;0.093678059;0.333333333;0;1;0.075
1;0.552238806;0.513761468;0.434782609;0.153532849;0.333333333;1;0;0.1195
1;0.544776119;0.532110092;0.47826087;0.171772623;0.333333333;1;0;0.16
1;0.820895522;0.825688073;0.891304348;0.511244909;0.333333333;0;1;0.435
1;0.358208955;0.330275229;0.282608696;0.051885957;0.333333333;1;0;0.0425
1;0.656716418;0.660550459;0.565217391;0.244908801;0.333333333;1;0;0.2
1;0.768656716;0.724770642;0.652173913;0.31804498;0.333333333;1;0;0.315
1;0.559701493;0.532110092;0.434782609;0.165751727;0.333333333;1;0;0.1135
1;0.634328358;0.623853211;0.565217391;0.252700549;0.333333333;1;0;0.24
1;0.73880597;0.71559633;0.565217391;0.375951833;0.666666667;0;1;0.24
1;0.567164179;0.568807339;0.369565217;0.181335222;0.333333333;0;1;0.15
1;0.649253731;0.614678899;0.413043478;0.216043917;0.333333333;1;0;0.195
1;0.746268657;0.743119266;0.652173913;0.389941562;0.666666667;1;0;0.249
1;0.768656716;0.752293578;0.630434783;0.401629184;0.666666667;0;1;0.275
1;0.253731343;0.247706422;0.217391304;0.02975031;0.333333333;1;0;0.025
1;0.634328358;0.605504587;0.456521739;0.239596246;0.333333333;1;0;0.195
1;0.835820896;0.880733945;0.782608696;0.439171241;0.666666667;1;0;0.39
1;0.707462687;0.678899083;0.673913043;0.349389056;0.333333333;1;0;0.32
1;0.776119403;0.80733945;0.760869565;0.454400567;0.333333333;1;0;0.485
1;0.656716418;0.633027523;0.47826087;0.232689924;0.333333333;1;0;0.17
1;0.71641791;0.733944954;0.652173913;0.373826811;0.333333333;0;1;0.293
1;0.276119403;0.266055046;0.260869565;0.031875332;0.333333333;1;0;0.03
1;0.78358209;0.770642202;0.782608696;0.384451921;0.333333333;0;1;0.325
1;0.425373134;0.403669725;0.369565217;0.076146627;0.333333333;1;0;0.09
1;0.5;0.495412844;0.391304348;0.13883478;0.333333333;1;0;0.106
1;0.194029851;0.183486239;0.152173913;0.014343899;0.333333333;0;1;0.0155
1;0.559701493;0.550458716;0.413043478;0.18434567;0.333333333;1;0;0.145
1;0.47761194;0.440366972;0.456521739;0.111209492;0.333333333;0;1;0.1105
1;0.798507463;0.76146789;0.586956522;0.40765008;0.333333333;1;0;0.32
1;0.559701493;0.532110092;0.47826087;0.146803613;0.333333333;1;0;0.135
1;0.664179104;0.642201835;0.456521739;0.274127855;0.333333333;1;0;0.22
1;0.634328358;0.605504587;0.413043478;0.175668497;0.333333333;1;0;0.17
1;0.402985075;0.394495413;0.369565217;0.069063219;0.333333333;0;1;0.07
1;0.559701493;0.486238532;0.391304348;0.134230565;0.333333333;0;1;0.115
1;0.73880597;0.697247706;0.52173913;0.266159022;0.333333333;0;1;0.194
1;0.805970149;0.844036697;0.695652174;0.403045865;0.333333333;1;0;0.42
1;0.559701493;0.532110092;0.413043478;0.145032761;0.333333333;0;1;0.135
1;0.701492537;0.651376147;0.5;0.244908801;0.333333333;1;0;0.21
1;0.52238806;0.532110092;0.434782609;0.129095095;0.333333333;1;0;0.117
1;0.97761194;0.990825688;0.956521739;1;1;0;1;0.897
1;0.723880597;0.724770642;0.652173913;0.361785019;0.333333333;1;0;0.3
1;0.723880597;0.651376147;0.673913043;0.32867009;0.333333333;0;1;0.3
1;0.559701493;0.550458716;0.456521739;0.16893926;0.333333333;0;1;0.15
1;0.731343284;0.724770642;0.543478261;0.349389056;0.333333333;1;0;0.31
1;0.873134328;0.853211009;0.739130435;0.535505578;0.666666667;1;0;0.42
1;0.485074627;0.495412844;0.47826087;0.112094918;0.333333333;1;0;0.095
1;0.664179104;0.669724771;0.652173913;0.263148574;0.333333333;0;1;0.2885
1;0.679104478;0.660550459;0.565217391;0.255710997;0.333333333;0;1;0.205
1;0.425373134;0.449541284;0.326086957;0.094917655;0.333333333;1;0;0.0745
1;0.582089552;0.541284404;0.565217391;0.203116699;0.333333333;0;1;0.19
1;0.835820896;0.834862385;0.695652174;0.479369577;0.666666667;0;1;0.39
1;0.507462687;0.467889908;0.434782609;0.10430317;0.333333333;1;0;0.0995
1;0.820895522;0.80733945;0.673913043;0.446254648;0.666666667;1;0;0.39
1;0.544776119;0.52293578;0.413043478;0.128209669;0.333333333;1;0;0.1175
1;0.28358209;0.266055046;0.239130435;0.033823269;0.333333333;1;0;0.028
1;0.619402985;0.614678899;0.608695652;0.202231273;0.333333333;0;1;0.17
1;0.768656716;0.743119266;0.52173913;0.389587392;0.333333333;0;1;0.33
1;0.858208955;0.862385321;0.717391304;0.503098991;0.666666667;1;0;0.445
1;0.47761194;0.440366972;0.391304348;0.095448911;0.333333333;1;0;0.085
1;0.455223881;0.403669725;0.391304348;0.079157075;0.333333333;1;0;0.085
1;0.634328358;0.633027523;0.5;0.210908447;0.333333333;0;1;0.166
1;0.507462687;0.486238532;0.434782609;0.131574287;0.333333333;1;0;0.109
1;0.335820896;0.302752294;0.304347826;0.042146272;0.333333333;1;0;0.035
1;0.895522388;0.899082569;0.804347826;0.613600142;0.666666667;1;0;0.605
1;0.634328358;0.633027523;0.565217391;0.23357535;0.333333333;1;0;0.22
1;0.417910448;0.385321101;0.347826087;0.058792279;0.333333333;0;1;0.063
1;0.694029851;0.706422018;0.543478261;0.338941031;0.333333333;1;0;0.3
1;0.641791045;0.614678899;0.652173913;0.227377369;0.333333333;1;0;0.1635
1;0.828358209;0.816513761;0.630434783;0.355232867;0.333333333;1;0;0.36
1;0.932835821;0.963302752;0.847826087;0.753674517;0.666666667;0;1;0.58
1;0.619402985;0.605504587;0.608695652;0.277846644;0.333333333;1;0;0.24
1;0.410447761;0.366972477;0.239130435;0.062688153;0.333333333;0;1;0.06
1;0.708955224;0.688073394;0.565217391;0.251992208;0.333333333;1;0;0.225
1;0.679104478;0.669724771;0.760869565;0.265627767;0.333333333;1;0;0.205
1;0.626865672;0.577981651;0.5;0.168408004;0.333333333;1;0;0.169
1;0.656716418;0.688073394;0.565217391;0.294669736;0.333333333;1;0;0.23
1;0.544776119;0.568807339;0.456521739;0.176731008;0.333333333;1;0;0.1465
1;0.858208955;0.899082569;0.956521739;0.619798123;0.666666667;1;0;0.815
1;0.432835821;0.376146789;0.456521739;0.076500797;0.333333333;1;0;0.07
1;0.679104478;0.651376147;0.52173913;0.245971312;0.333333333;1;0;0.2
1;0.73880597;0.779816514;0.739130435;0.332034709;0.333333333;0;1;0.295
1;0.574626866;0.550458716;0.565217391;0.17407473;0.333333333;1;0;0.115
1;0.78358209;0.80733945;0.804347826;0.373826811;0.333333333;0;1;0.375
1;0.462686567;0.449541284;0.391304348;0.101823977;0.333333333;1;0;0.09
1;0.380597015;0.385321101;0.326086957;0.068709049;0.333333333;1;0;0.0445
1;0.694029851;0.770642202;0.630434783;0.32796175;0.333333333;1;0;0.26
1;0.619402985;0.605504587;0.5;0.22914822;0.333333333;0;1;0.1695
1;0.813432836;0.834862385;0.847826087;0.476536214;0.333333333;1;0;0.48
1;0.902985075;0.844036697;0.717391304;0.57251638;0.666666667;1;0;0.62
1;0.440298507;0.403669725;0.391304348;0.078094563;0.333333333;1;0;0.08
1;0.611940299;0.577981651;0.456521739;0.168762175;0.333333333;1;0;0.129
1;0.649253731;0.633027523;0.52173913;0.227200283;0.333333333;0;1;0.205
1;0.858208955;0.844036697;0.717391304;0.523640871;0.666666667;0;1;0.525
1;0.753731343;0.724770642;0.565217391;0.35806623;0.333333333;0;1;0.36
1;0.888059701;0.972477064;0.652173913;0.462900655;0.666666667;1;0;0.413
1;0.731343284;0.733944954;0.608695652;0.289888436;0.333333333;1;0;0.26
1;0.753731343;0.733944954;0.630434783;0.295555162;0.333333333;1;0;0.32
1;0.843283582;0.834862385;0.782608696;0.570568443;0.666666667;0;1;0.47
1;0.835820896;0.816513761;0.608695652;0.486630069;0.666666667;1;0;0.31
1;0.768656716;0.733944954;0.586956522;0.375774748;0.666666667;1;0;0.25
1;0.731343284;0.798165138;0.630434783;0.326722153;0.333333333;1;0;0.255
1;0.78358209;0.76146789;0.608695652;0.325836727;0.333333333;1;0;0.305
1;0.798507463;0.80733945;0.760869565;0.391889499;0.333333333;1;0;0.33
1;0.791044776;0.76146789;0.565217391;0.331857624;0.333333333;1;0;0.32
1;0.589552239;0.605504587;0.543478261;0.208075084;0.333333333;0;1;0.17
1;0.589552239;0.550458716;0.565217391;0.152647423;0.333333333;1;0;0.152
1;0.701492537;0.660550459;0.652173913;0.272534089;0.333333333;1;0;0.2765
1;0.589552239;0.568807339;0.413043478;0.148220294;0.333333333;1;0;0.14
1;0.768656716;0.733944954;0.586956522;0.379316451;0.333333333;0;1;0.285
1;0.992537313;1;0.804347826;0.698423942;0.666666667;1;0;0.71
1;0.589552239;0.568807339;0.47826087;0.205418806;0.333333333;1;0;0.146
1;0.71641791;0.678899083;0.52173913;0.270763237;0.333333333;0;1;0.275
1;0.902985075;0.926605505;0.673913043;0.579776873;0.666666667;1;0;0.46
1;0.649253731;0.633027523;0.608695652;0.263148574;0.333333333;1;0;0.235
1;0.589552239;0.587155963;0.47826087;0.204887551;0.333333333;0;1;0.169
1;0.21641791;0.201834862;0.195652174;0.018593944;0.333333333;1;0;0.02
1;0.537313433;0.495412844;0.47826087;0.140782716;0.333333333;1;0;0.1125
1;0.395522388;0.357798165;0.260869565;0.078094563;0.333333333;1;0;0.055
1;0.343283582;0.321100917;0.304347826;0.054542235;0.333333333;1;0;0.048
1;0.298507463;0.256880734;0.260869565;0.027625288;0.333333333;1;0;0.025
1;0.791044776;0.770642202;0.739130435;0.330972198;0.333333333;0;1;0.295
1;0.582089552;0.559633028;0.413043478;0.151939083;0.333333333;0;1;0.175
1;0.731343284;0.678899083;0.652173913;0.33309722;0.333333333;0;1;0.275
1;0.768656716;0.76146789;0.739130435;0.397202054;0.333333333;0;1;0.36
1;0.76119403;0.724770642;0.695652174;0.306888613;0.333333333;1;0;0.27
1;0.694029851;0.770642202;0.630434783;0.430316982;0.666666667;1;0;0.34
1;0.671641791;0.633027523;0.695652174;0.258013104;0.333333333;0;1;0.195
1;0.328358209;0.311926606;0.304347826;0.043208783;0.333333333;1;0;0.04
1;0.649253731;0.633027523;0.565217391;0.287763414;0.333333333;1;0;0.195
1;0.671641791;0.633027523;0.565217391;0.258721445;0.333333333;0;1;0.17
1;0.686567164;0.697247706;0.608695652;0.256065167;0.333333333;0;1;0.25
1;0.619402985;0.614678899;0.543478261;0.20417921;0.333333333;1;0;0.2
1;0.686567164;0.669724771;0.608695652;0.247033823;0.333333333;0;1;0.24
1;0.194029851;0.174311927;0.195652174;0.014166814;0.333333333;1;0;0.012
1;0.798507463;0.779816514;0.586956522;0.357534974;0.333333333;0;1;0.305
1;0.544776119;0.541284404;0.5;0.142199398;0.333333333;1;0;0.129
1;0.447761194;0.403669725;0.347826087;0.083584204;0.333333333;1;0;0.07
1;0.656716418;0.614678899;0.52173913;0.203116699;0.333333333;1;0;0.1845
1;0.611940299;0.614678899;0.5;0.20860634;0.333333333;1;0;0.12
1;0.5;0.458715596;0.391304348;0.127855498;0.333333333;1;0;0.11
1;0.708955224;0.724770642;0.586956522;0.261731893;0.333333333;1;0;0.2665
1;0.850746269;0.862385321;0.782608696;0.639808748;0.666666667;1;0;0.395
1;0.985074627;0.981651376;0.934782609;0.621214804;0.666666667;0;1;0.58
1;0.701492537;0.669724771;0.565217391;0.265096511;0.333333333;0;1;0.255
1;0.731343284;0.733944954;0.717391304;0.35806623;0.333333333;1;0;0.35
1;0.589552239;0.532110092;0.456521739;0.172303878;0.333333333;1;0;0.166
1;0.149253731;0.137614679;0.195652174;0.010448026;0.333333333;1;0;0.0125
1;0.850746269;0.788990826;0.891304348;0.535505578;0.666666667;0;1;0.635
1;0.559701493;0.559633028;0.52173913;0.168585089;0.333333333;1;0;0.137
1;0.171641791;0.165137615;0.130434783;0.012750133;0.333333333;1;0;0.015
1;0.328358209;0.293577982;0.326086957;0.044625465;0.333333333;1;0;0.04
1;0.507462687;0.458715596;0.52173913;0.112626173;0.333333333;1;0;0.105
1;0.776119403;0.779816514;0.673913043;0.446254648;0.333333333;0;1;0.41
1;0.701492537;0.697247706;0.739130435;0.314149106;0.333333333;0;1;0.25
1;0.462686567;0.385321101;0.304347826;0.088188419;0.333333333;1;0;0.07
1;0.858208955;0.853211009;0.782608696;0.475473703;0.666666667;0;1;0.4465
1;0.589552239;0.577981651;0.47826087;0.165928812;0.333333333;1;0;0.155
1;0.768656716;0.770642202;0.652173913;0.389410306;0.333333333;1;0;0.295
1;0.305970149;0.275229358;0.260869565;0.03523995;0.333333333;1;0;0.03
1;0.813432836;0.76146789;0.565217391;0.364972552;0.333333333;1;0;0.36
1;0.731343284;0.706422018;0.717391304;0.318930406;0.333333333;0;1;0.325
1;0.708955224;0.642201835;0.565217391;0.28351337;0.333333333;0;1;0.255
1;0.686567164;0.669724771;0.52173913;0.284575881;0.333333333;0;1;0.28
1;0.671641791;0.660550459;0.565217391;0.255710997;0.333333333;1;0;0.175
1;0.447761194;0.412844037;0.347826087;0.075438286;0.333333333;1;0;0.055
1;0.388059701;0.376146789;0.391304348;0.067292368;0.333333333;1;0;0.07
1;0.559701493;0.541284404;0.391304348;0.129449265;0.333333333;0;1;0.12
1;0.73880597;0.697247706;0.586956522;0.319992917;0.333333333;0;1;0.275
1;0.492537313;0.467889908;0.391304348;0.135647246;0.333333333;0;1;0.11
1;0.425373134;0.412844037;0.413043478;0.06977156;0.333333333;1;0;0.08
1;0.746268657;0.71559633;0.543478261;0.312024084;0.333333333;1;0;0.26
1;0.552238806;0.504587156;0.47826087;0.122188773;0.333333333;1;0;0.105
1;0.634328358;0.587155963;0.608695652;0.224544006;0.333333333;0;1;0.19
1;0.432835821;0.394495413;0.326086957;0.071896582;0.333333333;1;0;0.07
1;0.291044776;0.266055046;0.304347826;0.041969187;0.333333333;0;1;0.04
1;0.23880597;0.220183486;0.130434783;0.024260669;0.333333333;1;0;0.02
1;0.425373134;0.385321101;0.347826087;0.072427838;0.333333333;1;0;0.06
1;0.701492537;0.724770642;0.608695652;0.345670267;0.333333333;0;1;0.3
1;0.604477612;0.605504587;0.543478261;0.18912697;0.333333333;1;0;0.173
1;0.768656716;0.816513761;0.826086957;0.419691872;0.333333333;0;1;0.37
1;0.567164179;0.577981651;0.413043478;0.17372056;0.333333333;1;0;0.135
1;0.664179104;0.724770642;0.608695652;0.316274128;0.333333333;0;1;0.235
1;0.888059701;0.889908257;0.673913043;0.531078449;0.666666667;1;0;0.505
1;0.492537313;0.458715596;0.369565217;0.122720028;0.333333333;1;0;0.1
1;0.694029851;0.697247706;0.739130435;0.352045334;0.333333333;0;1;0.325
1;0.619402985;0.669724771;0.5;0.214981406;0.333333333;0;1;0.22
1;0.813432836;0.770642202;0.760869565;0.468567381;0.666666667;0;1;0.33
1;0.186567164;0.165137615;0.217391304;0.012395962;0.333333333;1;0;0.011
1;0.052238806;0.064220183;0.086956522;0.002125022;0;1;0;0.003
1;0.679104478;0.733944954;0.673913043;0.346555693;0.333333333;1;0;0.2965
1;0.970149254;0.935779817;0.891304348;0.669027802;0.666666667;0;1;0.58
1;0.537313433;0.52293578;0.434782609;0.133699309;0.333333333;1;0;0.12
1;0.529850746;0.495412844;0.391304348;0.128386754;0.333333333;1;0;0.105
1;0.134328358;0.119266055;0.086956522;0.006906322;0;1;0;0.005
1;0.656716418;0.678899083;0.565217391;0.270586152;0.333333333;1;0;0.255
1;0.634328358;0.633027523;0.52173913;0.234637861;0.333333333;0;1;0.24
1;0.626865672;0.651376147;0.5;0.266867363;0.333333333;1;0;0.214
1;0.23880597;0.19266055;0.130434783;0.016291836;0.333333333;1;0;0.015
1;0.723880597;0.678899083;0.565217391;0.324242961;0.333333333;1;0;0.26
1;0.350746269;0.311926606;0.304347826;0.046927572;0.333333333;0;1;0.05
1;0.805970149;0.779816514;0.739130435;0.409952187;0.333333333;0;1;0.325
1;0.641791045;0.550458716;0.5;0.212148043;0.333333333;1;0;0.185
1;0.388059701;0.348623853;0.347826087;0.058261024;0.333333333;1;0;0.06
1;0.544776119;0.541284404;0.543478261;0.153355764;0.333333333;1;0;0.125
1;0.529850746;0.495412844;0.347826087;0.149814061;0.333333333;1;0;0.095
1;0.619402985;0.559633028;0.434782609;0.176553922;0.333333333;1;0;0.195
1;0.664179104;0.642201835;0.47826087;0.221356472;0.333333333;1;0;0.181
1;0.656716418;0.678899083;0.543478261;0.251460953;0.333333333;1;0;0.25
1;0.671641791;0.596330275;0.565217391;0.21409598;0.333333333;1;0;0.21
1;0.656716418;0.614678899;0.630434783;0.251638038;0.333333333;0;1;0.155
1;0.694029851;0.669724771;0.565217391;0.284398796;0.333333333;1;0;0.21
1;0.679104478;0.651376147;0.673913043;0.286700903;0.333333333;1;0;0.24
1;0.828358209;0.825688073;0.934782609;0.539401452;0.666666667;0;1;0.45
1;0.73880597;0.733944954;0.608695652;0.391358243;0.666666667;1;0;0.27
1;0.358208955;0.357798165;0.347826087;0.071188242;0.333333333;0;1;0.0795
1;0.731343284;0.697247706;0.760869565;0.346909864;0.333333333;0;1;0.39
1;0.679104478;0.678899083;0.695652174;0.335399327;0.333333333;1;0;0.278
1;0.895522388;0.880733945;0.652173913;0.498671861;0.666666667;1;0;0.42
1;0.529850746;0.513761468;0.47826087;0.156543297;0.333333333;1;0;0.14
1;0.686567164;0.642201835;0.760869565;0.294846821;0.333333333;0;1;0.29
1;0.462686567;0.47706422;0.434782609;0.100584381;0.333333333;1;0;0.0835
1;0.559701493;0.541284404;0.52173913;0.193022844;0.333333333;1;0;0.1405
1;0.417910448;0.376146789;0.326086957;0.066761112;0.333333333;0;1;0.055
1;0.559701493;0.559633028;0.5;0.176199752;0.333333333;1;0;0.17
1;0.656716418;0.642201835;0.52173913;0.255002656;0.333333333;0;1;0.21
1;0.656716418;0.642201835;0.47826087;0.228085709;0.333333333;1;0;0.177
1;0.619402985;0.614678899;0.565217391;0.249690101;0.333333333;0;1;0.18
1;0.492537313;0.458715596;0.326086957;0.091553037;0.333333333;0;1;0.085
1;0.731343284;0.706422018;0.630434783;0.332034709;0.333333333;1;0;0.27
1;0.708955224;0.706422018;0.630434783;0.334336816;0.333333333;1;0;0.335
1;0.582089552;0.541284404;0.456521739;0.148397379;0.333333333;1;0;0.1345
1;0.641791045;0.587155963;0.739130435;0.200460421;0.333333333;1;0;0.17
1;0.873134328;0.871559633;0.695652174;0.468921551;0.666666667;1;0;0.44
1;0.940298507;0.926605505;0.913043478;0.700903134;0.666666667;0;1;0.76
1;0.776119403;0.733944954;0.630434783;0.374889322;0.666666667;1;0;0.3
1;0.813432836;0.816513761;0.717391304;0.419337701;0.333333333;1;0;0.35
1;0.895522388;0.917431193;0.826086957;0.508765716;0.666666667;0;1;0.465
1;0.574626866;0.587155963;0.47826087;0.162387108;0.333333333;1;0;0.15
1;0.552238806;0.541284404;0.47826087;0.156012042;0.333333333;0;1;0.135
1;0.343283582;0.302752294;0.260869565;0.049229679;0.333333333;1;0;0.037
1;0.776119403;0.752293578;0.565217391;0.393483265;0.666666667;1;0;0.305
1;0.589552239;0.587155963;0.5;0.198158314;0.333333333;1;0;0.18
1;0.328358209;0.293577982;0.282608696;0.044979635;0.333333333;0;1;0.04
1;0.246268657;0.220183486;0.152173913;0.024083584;0.333333333;1;0;0.02
1;0.440298507;0.403669725;0.391304348;0.077209138;0.333333333;1;0;0.065
1;0.656716418;0.733944954;0.543478261;0.255179741;0.333333333;0;1;0.235
1;0.544776119;0.52293578;0.391304348;0.15902249;0.333333333;1;0;0.13
1;0.679104478;0.706422018;0.847826087;0.295023906;0.333333333;0;1;0.245
1;0.753731343;0.733944954;0.695652174;0.32867009;0.333333333;0;1;0.22
1;0.686567164;0.651376147;0.543478261;0.304586506;0.333333333;0;1;0.32
1;0.78358209;0.80733945;0.717391304;0.456171418;0.666666667;0;1;0.3445
1;0.425373134;0.440366972;0.391304348;0.073844519;0.333333333;0;1;0.075
1;0.544776119;0.52293578;0.565217391;0.170001771;0.333333333;1;0;0.16
1;0.708955224;0.71559633;0.630434783;0.350097397;0.666666667;1;0;0.218
1;0.753731343;0.743119266;0.52173913;0.325482557;0.333333333;0;1;0.29
1;0.611940299;0.596330275;0.608695652;0.213564725;0.333333333;1;0;0.18
1;0.559701493;0.550458716;0.413043478;0.156720383;0.333333333;1;0;0.1335
1;0.552238806;0.532110092;0.347826087;0.133699309;0.333333333;0;1;0.125
1;0.298507463;0.275229358;0.282608696;0.038427484;0.333333333;1;0;0.035
1;0.619402985;0.568807339;0.52173913;0.241367098;0.333333333;1;0;0.205
1;0.455223881;0.458715596;0.413043478;0.098813529;0.333333333;1;0;0.09
1;0.440298507;0.431192661;0.456521739;0.087834248;0.333333333;1;0;0.075
1;0.559701493;0.513761468;0.5;0.122897114;0.333333333;0;1;0.115
1;0.149253731;0.128440367;0.130434783;0.007791748;0;0;1;0.005
1;0.798507463;0.788990826;0.695652174;0.361430848;0.333333333;0;1;0.36
1;0.425373134;0.385321101;0.369565217;0.081282097;0.333333333;1;0;0.075
1;0.73880597;0.752293578;0.652173913;0.315742872;0.333333333;1;0;0.263
1;0.791044776;0.80733945;0.695652174;0.437931645;0.666666667;1;0;0.39
1;0.76119403;0.743119266;0.695652174;0.329555516;0.333333333;1;0;0.29
1;0.805970149;0.862385321;0.630434783;0.402160439;0.333333333;0;1;0.37
1;0.686567164;0.724770642;0.695652174;0.275898707;0.333333333;1;0;0.295
1;0.350746269;0.311926606;0.282608696;0.04515672;0.333333333;0;1;0.044
1;0.268656716;0.229357798;0.195652174;0.028687799;0.333333333;1;0;0.02
1;0.753731343;0.706422018;0.739130435;0.301753143;0.333333333;1;0;0.245
1;0.798507463;0.779816514;0.608695652;0.424296086;0.666666667;0;1;0.28
1;0.686567164;0.669724771;0.608695652;0.260138126;0.333333333;1;0;0.215
1;0.731343284;0.724770642;0.804347826;0.354701611;0.333333333;1;0;0.285
1;0.776119403;0.752293578;0.717391304;0.394191606;0.333333333;0;1;0.39
1;0.634328358;0.633027523;0.586956522;0.222418984;0.333333333;1;0;0.23
1;0.462686567;0.412844037;0.5;0.085709226;0.333333333;1;0;0.085
1;0.604477612;0.633027523;0.5;0.268106959;0.333333333;1;0;0.24
1;0.731343284;0.752293578;0.717391304;0.351691163;0.333333333;0;1;0.37
1;0.582089552;0.568807339;0.456521739;0.164689216;0.333333333;1;0;0.113
1;0.52238806;0.495412844;0.391304348;0.140251461;0.333333333;1;0;0.0945
1;0.305970149;0.275229358;0.304347826;0.044271294;0.333333333;1;0;0.042
1;0.679104478;0.642201835;0.5;0.230033646;0.333333333;0;1;0.186
1;0.768656716;0.706422018;0.608695652;0.337701434;0.333333333;0;1;0.295
1;0.694029851;0.669724771;0.543478261;0.285284222;0.333333333;0;1;0.235
1;0.731343284;0.733944954;0.760869565;0.327430494;0.333333333;0;1;0.375
1;0.410447761;0.366972477;0.304347826;0.067115282;0.333333333;0;1;0.063
1;0.925373134;0.844036697;0.717391304;0.536391004;0.666666667;0;1;0.39
1;0.604477612;0.587155963;0.456521739;0.238887905;0.333333333;0;1;0.17
1;0.679104478;0.660550459;0.608695652;0.274659111;0.333333333;1;0;0.33
1;0.791044776;0.770642202;0.717391304;0.488755091;0.666666667;1;0;0.3985
1;0.671641791;0.697247706;0.630434783;0.376483088;0.333333333;0;1;0.285
1;0.611940299;0.587155963;0.565217391;0.183814415;0.333333333;1;0;0.17
1;0.537313433;0.52293578;0.456521739;0.138303524;0.333333333;1;0;0.1145
1;0.544776119;0.513761468;0.434782609;0.13883478;0.333333333;0;1;0.122
1;0.753731343;0.733944954;0.608695652;0.35771206;0.333333333;0;1;0.2835
1;0.828358209;0.779816514;0.608695652;0.372055959;0.333333333;1;0;0.285
1;0.626865672;0.605504587;0.543478261;0.250398442;0.333333333;0;1;0.262
1;0.768656716;0.816513761;0.673913043;0.390472817;0.333333333;0;1;0.34
1;0.611940299;0.596330275;0.565217391;0.237648309;0.333333333;1;0;0.195
1;0.820895522;0.844036697;0.608695652;0.438994156;0.666666667;1;0;0.36
1;0.201492537;0.174311927;0.173913043;0.014166814;0.333333333;1;0;0.015
1;0.328358209;0.321100917;0.304347826;0.056844342;0.333333333;1;0;0.0385
1;0.664179104;0.642201835;0.5;0.227200283;0.333333333;1;0;0.21
1;0.768656716;0.770642202;0.586956522;0.372233044;0.333333333;0;1;0.325
1;0.641791045;0.651376147;0.608695652;0.227377369;0.333333333;1;0;0.21
1;0.679104478;0.697247706;0.695652174;0.288117585;0.333333333;1;0;0.275
1;0.865671642;0.871559633;0.717391304;0.446785904;0.333333333;0;1;0.415
1;0.753731343;0.724770642;0.760869565;0.351868249;0.333333333;1;0;0.285
1;0.73880597;0.752293578;0.739130435;0.45794227;0.333333333;1;0;0.44
1;0.873134328;0.853211009;0.826086957;0.592881176;0.666666667;1;0;0.45
1;0.679104478;0.706422018;0.543478261;0.276784133;0.333333333;1;0;0.2185
1;0.582089552;0.587155963;0.47826087;0.166105897;0.333333333;1;0;0.14
1;0.582089552;0.596330275;0.52173913;0.160085001;0.333333333;1;0;0.155
1;0.485074627;0.449541284;0.434782609;0.110855321;0.333333333;1;0;0.12
1;0.731343284;0.633027523;0.52173913;0.246325483;0.333333333;1;0;0.18
1;0.805970149;0.853211009;0.608695652;0.475119532;0.666666667;1;0;0.345
1;0.902985075;0.944954128;0.847826087;0.651673455;0.666666667;1;0;0.65
1;0.768656716;0.71559633;0.52173913;0.400389587;0.333333333;1;0;0.32
1;0.708955224;0.697247706;0.586956522;0.297857269;0.333333333;0;1;0.255
1;0.291044776;0.256880734;0.304347826;0.034708695;0.333333333;0;1;0.03
1;0.649253731;0.614678899;0.543478261;0.271648663;0.333333333;0;1;0.19
1;0.813432836;0.752293578;0.782608696;0.474411192;0.666666667;0;1;0.355
1;0.082089552;0.082568807;0.086956522;0.003895874;0;1;0;0.004
1;0.679104478;0.651376147;0.630434783;0.252700549;0.333333333;0;1;0.214
1;0.52238806;0.513761468;0.369565217;0.113334514;0.333333333;1;0;0.125
1;0.567164179;0.541284404;0.565217391;0.182928989;0.333333333;1;0;0.135
1;0.940298507;0.908256881;0.826086957;0.604745883;0.666666667;1;0;0.49
1;0.574626866;0.541284404;0.47826087;0.172303878;0.333333333;1;0;0.155
1;0.201492537;0.174311927;0.173913043;0.012927218;0.333333333;0;1;0.01
1;0.52238806;0.47706422;0.391304348;0.132813883;0.333333333;1;0;0.105
1;0.543283582;0.550458716;0.391304348;0.167699664;0.333333333;1;0;0.185
1;0.835820896;0.844036697;0.695652174;0.450858863;0.666666667;0;1;0.34
1;0.298507463;0.293577982;0.282608696;0.040198335;0.333333333;1;0;0.035
1;0.746268657;0.733944954;0.739130435;0.301221888;0.333333333;1;0;0.3
1;0.649253731;0.642201835;0.543478261;0.271648663;0.333333333;1;0;0.18
1;0.328358209;0.311926606;0.347826087;0.038427484;0.333333333;1;0;0.032
1;0.126865672;0.100917431;0.065217391;0.005666726;0;1;0;0.005
1;0.559701493;0.550458716;0.47826087;0.145209846;0.333333333;1;0;0.16
1;0.634328358;0.660550459;0.673913043;0.243137949;0.333333333;0;1;0.25
1;0.544776119;0.532110092;0.47826087;0.128563839;0.333333333;1;0;0.11
1;0.119402985;0.091743119;0.173913043;0.005489641;0;1;0;0.005
1;0.28358209;0.28440367;0.217391304;0.033469099;0.333333333;1;0;0.03
1;0.641791045;0.614678899;0.52173913;0.238002479;0.333333333;1;0;0.1785
1;0.492537313;0.467889908;0.47826087;0.108907384;0.333333333;1;0;0.095
1;0.820895522;0.752293578;0.565217391;0.422525235;0.333333333;0;1;0.4
1;0.73880597;0.724770642;0.717391304;0.337701434;0.333333333;1;0;0.295
1;0.619402985;0.596330275;0.586956522;0.237471224;0.333333333;1;0;0.21
1;0.507462687;0.495412844;0.413043478;0.133876395;0.333333333;1;0;0.12
1;0.76119403;0.724770642;0.652173913;0.380733133;0.333333333;1;0;0.25
1;0.679104478;0.660550459;0.717391304;0.261200638;0.333333333;0;1;0.2645
1;0.671641791;0.623853211;0.52173913;0.269700726;0.333333333;0;1;0.225
1;0.149253731;0.128440367;0.173913043;0.007614663;0;1;0;0.008
1;0.634328358;0.587155963;0.565217391;0.213210554;0.333333333;1;0;0.179
1;0.73880597;0.752293578;0.5;0.299982291;0.333333333;0;1;0.24
1;0.820895522;0.816513761;0.608695652;0.336816009;0.333333333;1;0;0.305
1;0.453731343;0.431192661;0.369565217;0.112272003;0.333333333;1;0;0.082
1;0.776119403;0.779816514;0.652173913;0.427660705;0.666666667;1;0;0.32
1;0.440298507;0.385321101;0.282608696;0.075084115;0.333333333;0;1;0.07
1;0.776119403;0.770642202;0.565217391;0.333628475;0.333333333;0;1;0.315
1;0.686567164;0.706422018;0.608695652;0.238887905;0.333333333;0;1;0.26
1;0.410447761;0.385321101;0.347826087;0.079157075;0.333333333;0;1;0.07
1;0.425373134;0.440366972;0.52173913;0.097219763;0.333333333;0;1;0.1005
1;0.589552239;0.568807339;0.47826087;0.212325128;0.333333333;0;1;0.14
1;0.395522388;0.376146789;0.304347826;0.07012573;0.333333333;1;0;0.055
1;0.78358209;0.752293578;0.673913043;0.31361785;0.333333333;1;0;0.262
1;0.791044776;0.76146789;0.652173913;0.414910572;0.333333333;0;1;0.345
1;0.694029851;0.669724771;0.590288364;0.260846467;0.333333333;0;1;0.215
1;0.597014925;0.541284404;0.456521739;0.15937666;0.333333333;1;0;0.155
1;0.902985075;0.963302752;0.826086957;0.632194085;0.666666667;1;0;0.6
1;0.343283582;0.348623853;0.282608696;0.054542235;0.333333333;1;0;0.045
1;0.873134328;0.871559633;0.760869565;0.476890384;0.333333333;1;0;0.49
1;0.820895522;0.798165138;0.826086957;0.488932176;0.666666667;1;0;0.381
1;0.544776119;0.495412844;0.347826087;0.123251284;0.333333333;1;0;0.105
1;0.805970149;0.825688073;0.673913043;0.473879936;0.666666667;0;1;0.41
1;0.589552239;0.577981651;0.52173913;0.18434567;0.333333333;0;1;0.165
1;0.626865672;0.633027523;0.543478261;0.215335576;0.333333333;0;1;0.144
1;0.746268657;0.752293578;0.565217391;0.33858686;0.333333333;1;0;0.2705
1;0.686567164;0.642201835;0.5;0.327607579;0.333333333;1;0;0.345
1;0.686567164;0.633027523;0.543478261;0.290242607;0.333333333;1;0;0.205
1;0.664179104;0.633027523;0.47826087;0.230033646;0.333333333;1;0;0.165
1;0.746268657;0.71559633;0.565217391;0.332565964;0.333333333;1;0;0.285
1;0.664179104;0.633027523;0.586956522;0.233044094;0.333333333;1;0;0.22
1;0.679104478;0.697247706;0.652173913;0.312024084;0.333333333;0;1;0.335
1;0.626865672;0.633027523;0.630434783;0.227554454;0.333333333;1;0;0.205
1;0.380597015;0.366972477;0.369565217;0.060208961;0.333333333;1;0;0.06
1;0.462686567;0.440366972;0.326086957;0.089073845;0.333333333;1;0;0.085
1;0.649253731;0.633027523;0.565217391;0.230033646;0.333333333;0;1;0.185
1;0.582089552;0.559633028;0.413043478;0.175668497;0.333333333;1;0;0.14
1;0.798507463;0.788990826;0.717391304;0.440056667;0.666666667;0;1;0.345
1;0.552238806;0.550458716;0.608695652;0.171064282;0.333333333;1;0;0.155
1;0.380597015;0.293577982;0.282608696;0.039844165;0.333333333;0;1;0.035
1;0.71641791;0.724770642;0.717391304;0.30883655;0.333333333;0;1;0.305
1;0.791044776;0.80733945;0.782608696;0.508234461;0.333333333;1;0;0.41
1;0.791044776;0.788990826;0.652173913;0.37347264;0.333333333;1;0;0.355
1;0.320895522;0.311926606;0.260869565;0.035062865;0.333333333;1;0;0.035
1;0.731343284;0.733944954;0.695652174;0.320347087;0.333333333;0;1;0.32
1;0.544776119;0.52293578;0.413043478;0.141668142;0.333333333;0;1;0.165
1;0.402985075;0.385321101;0.391304348;0.086240482;0.333333333;1;0;0.065
1;0.425373134;0.412844037;0.347826087;0.079157075;0.333333333;1;0;0.09
1;0.73880597;0.706422018;0.369565217;0.292190544;0.333333333;0;1;0.235
1;0.5;0.467889908;0.347826087;0.11935541;0.333333333;1;0;0.09
1;0.73880597;0.733944954;0.608695652;0.336461838;0.333333333;0;1;0.2745
1;0.76119403;0.752293578;0.565217391;0.320878342;0.333333333;1;0;0.315
1;0.791044776;0.798165138;0.739130435;0.433858686;0.333333333;0;1;0.35
1;0.111940299;0.082568807;0.065217391;0.004604215;0;1;0;0.005
1;0.268656716;0.247706422;0.282608696;0.029927395;0.333333333;1;0;0.025
1;0.701492537;0.651376147;0.565217391;0.220648132;0.333333333;0;1;0.235
1;0.753731343;0.798165138;0.52173913;0.400743758;0.666666667;0;1;0.237
1;0.582089552;0.559633028;0.304347826;0.172126793;0.333333333;0;1;0.155
1;0.708955224;0.724770642;0.608695652;0.309190721;0.333333333;1;0;0.2765
1;0.544776119;0.532110092;0.695652174;0.14397025;0.333333333;1;0;0.1515
1;0.828358209;0.788990826;0.782608696;0.439702497;0.333333333;1;0;0.39
1;0.679104478;0.660550459;0.52173913;0.297680184;0.333333333;0;1;0.265
1;0.947761194;0.889908257;0.673913043;0.693111387;0.666666667;0;1;0.78
1;0.78358209;0.76146789;0.630434783;0.366212148;0.333333333;0;1;0.325
1;0.701492537;0.743119266;0.652173913;0.317159554;0.333333333;0;1;0.345
1;0.350746269;0.302752294;0.326086957;0.051000531;0.333333333;0;1;0.045
1;0.589552239;0.614678899;0.608695652;0.22436692;0.333333333;0;1;0.255
1;0.746268657;0.743119266;0.760869565;0.386754029;0.333333333;1;0;0.345
1;0.664179104;0.623853211;0.739130435;0.225960687;0.333333333;1;0;0.245
1;0.776119403;0.733944954;0.804347826;0.470515318;0.333333333;0;1;0.345
1;0.574626866;0.532110092;0.413043478;0.158314149;0.333333333;1;0;0.1265
1;0.731343284;0.825688073;0.869565217;0.451390119;0.666666667;1;0;0.355
1;0.723880597;0.724770642;0.760869565;0.37825394;0.333333333;0;1;0.41
1;0.597014925;0.605504587;0.586956522;0.217991854;0.333333333;0;1;0.215
1;0.619402985;0.623853211;0.565217391;0.193731185;0.333333333;0;1;0.15
1;0.358208955;0.321100917;0.260869565;0.050292191;0.333333333;1;0;0.04
1;0.5;0.495412844;0.413043478;0.128032584;0.333333333;1;0;0.12
1;0.544776119;0.532110092;0.391304348;0.12891801;0.333333333;1;0;0.12
1;0.902985075;0.908256881;0.717391304;0.636089959;0.666666667;1;0;0.455
1;0.791044776;0.816513761;0.760869565;0.395431202;0.333333333;1;0;0.335
1;0.776119403;0.770642202;0.652173913;0.40322295;0.666666667;1;0;0.271
1;0.753731343;0.71559633;0.608695652;0.31326368;0.333333333;1;0;0.255
1;0.455223881;0.431192661;0.413043478;0.090313441;0.333333333;1;0;0.085
1;0.28358209;0.275229358;0.260869565;0.036656632;0.333333333;1;0;0.035
1;0.820895522;0.798165138;0.630434783;0.427306534;0.333333333;1;0;0.411
1;0.529850746;0.541284404;0.434782609;0.143084824;0.333333333;0;1;0.135
1;0.582089552;0.577981651;0.456521739;0.188418629;0.333333333;1;0;0.143
1;0.597014925;0.587155963;0.5;0.20931468;0.333333333;0;1;0.18
1;0.888059701;0.908256881;0.782608696;0.491765539;0.666666667;1;0;0.4
1;0.850746269;0.862385321;0.782608696;0.517619975;0.666666667;1;0;0.435
1;0.753731343;0.770642202;0.608695652;0.342836905;0.333333333;0;1;0.35
1;0.626865672;0.614678899;0.5;0.234992031;0.333333333;1;0;0.2
1;0.134328358;0.100917431;0.043478261;0.006020896;0;1;0;0.005
1;0.335820896;0.330275229;0.304347826;0.045687976;0.333333333;1;0;0.043
1;0.529850746;0.52293578;0.47826087;0.137772268;0.333333333;1;0;0.1405
1;0.462686567;0.431192661;0.326086957;0.088011333;0.333333333;1;0;0.08
1;0.485074627;0.458715596;0.326086957;0.104480255;0.333333333;0;1;0.1
1;0.462686567;0.458715596;0.369565217;0.088542589;0.333333333;1;0;0.09
1;0.843283582;0.853211009;0.717391304;0.441296264;0.333333333;1;0;0.48
1;0.559701493;0.532110092;0.543478261;0.156189127;0.333333333;1;0;0.1175
1;0.671641791;0.651376147;0.543478261;0.250221356;0.333333333;1;0;0.235
1;0.470149254;0.449541284;0.391304348;0.093146804;0.333333333;1;0;0.0865
1;0.791044776;0.788990826;0.673913043;0.357180804;0.333333333;1;0;0.3
1;0.664179104;0.633027523;0.47826087;0.290773862;0.333333333;0;1;0.265
1;0.358208955;0.28440367;0.217391304;0.043562954;0.333333333;1;0;0.035
1;0.843283582;0.889908257;0.717391304;0.431733664;0.666666667;1;0;0.39
1;0.589552239;0.596330275;0.586956522;0.207012573;0.333333333;0;1;0.185
1;0.753731343;0.76146789;0.673913043;0.352576589;0.333333333;0;1;0.33
1;0.746268657;0.678899083;0.565217391;0.305117762;0.333333333;0;1;0.2
1;0.686567164;0.697247706;0.652173913;0.286346733;0.333333333;1;0;0.24
1;0.611940299;0.550458716;0.52173913;0.205064636;0.333333333;1;0;0.168
1;0.582089552;0.550458716;0.413043478;0.169116345;0.333333333;0;1;0.125
1;0.71641791;0.697247706;0.586956522;0.342305649;0.333333333;0;1;0.2385
1;0.858208955;0.862385321;0.717391304;0.520453338;0.666666667;0;1;0.399
1;0.686567164;0.669724771;0.586956522;0.327253409;0.333333333;1;0;0.25
1;0.78358209;0.816513761;0.652173913;0.358774571;0.333333333;0;1;0.33
1;0.850746269;0.844036697;1;0.545245263;0.333333333;0;1;0.535
1;0.373134328;0.339449541;0.282608696;0.065521516;0.333333333;1;0;0.05
1;0.932835821;0.972477064;0.760869565;0.639454578;0.666666667;1;0;0.475
1;0.71641791;0.697247706;0.673913043;0.342836905;0.333333333;1;0;0.295
1;0.462686567;0.403669725;0.456521739;0.0943864;0.333333333;0;1;0.085
1;0.507462687;0.458715596;0.391304348;0.114397025;0.333333333;0;1;0.091
1;0.604477612;0.559633028;0.391304348;0.154772446;0.333333333;0;1;0.115
1;0.664179104;0.605504587;0.565217391;0.232867009;0.333333333;0;1;0.16
1;0.552238806;0.495412844;0.391304348;0.133168054;0.333333333;1;0;0.089
1;0.73880597;0.724770642;0.652173913;0.34336816;0.333333333;1;0;0.26
1;0.828358209;0.825688073;0.673913043;0.445546308;0.333333333;0;1;0.406
1;0.544776119;0.550458716;0.5;0.168408004;0.333333333;0;1;0.19
1;0.805970149;0.798165138;0.630434783;0.349389056;0.333333333;1;0;0.345
1;0.865671642;0.853211009;0.673913043;0.498494776;0.666666667;0;1;0.405
1;0.694029851;0.697247706;0.717391304;0.315211617;0.333333333;1;0;0.335
1;0.76119403;0.733944954;0.934782609;0.372941385;0.333333333;0;1;0.365
1;0.574626866;0.559633028;0.391304348;0.163449619;0.333333333;1;0;0.115
1;0.537313433;0.486238532;0.304347826;0.117053303;0.333333333;1;0;0.105
1;0.664179104;0.678899083;0.695652174;0.240304587;0.333333333;1;0;0.195
1;0.73880597;0.724770642;0.630434783;0.421993979;0.666666667;0;1;0.343
1;0.664179104;0.651376147;0.630434783;0.256773508;0.333333333;1;0;0.235
1;0.559701493;0.513761468;0.565217391;0.163095449;0.333333333;0;1;0.15
1;0.671641791;0.706422018;0.608695652;0.297680184;0.333333333;1;0;0.24
1;0.23880597;0.220183486;0.195652174;0.023021073;0.333333333;1;0;0.018
1;0.656716418;0.596330275;0.717391304;0.338055605;0.333333333;0;1;0.31
1;0.813432836;0.825688073;0.760869565;0.540286878;0.666666667;0;1;0.35
1;0.679104478;0.697247706;0.630434783;0.246856738;0.333333333;0;1;0.205
1;0.73880597;0.706422018;0.5;0.305649017;0.333333333;1;0;0.27
1;0.671641791;0.678899083;0.47826087;0.306180273;0.333333333;0;1;0.29
1;0.671641791;0.678899083;0.652173913;0.295200992;0.333333333;1;0;0.245
1;0.671641791;0.651376147;0.717391304;0.30883655;0.333333333;1;0;0.205
1;0.268656716;0.256880734;0.239130435;0.027625288;0.333333333;0;1;0.027
1;0.679104478;0.678899083;0.608695652;0.300159377;0.333333333;1;0;0.202
1;0.813432836;0.853211009;0.934782609;0.418452276;0.333333333;1;0;0.395
1;0.179104478;0.165137615;0.173913043;0.010625111;0.333333333;0;1;0.012
1;0.828358209;0.779816514;0.652173913;0.423941916;0.666666667;1;0;0.315
1;0.649253731;0.614678899;0.5;0.231804498;0.333333333;0;1;0.175
1;0.246268657;0.220183486;0.195652174;0.024260669;0.333333333;1;0;0.021
1;0.694029851;0.660550459;0.586956522;0.261377723;0.333333333;0;1;0.245
1;0.925373134;0.908256881;0.891304348;0.692225961;0.666666667;0;1;0.59
1;0.126865672;0.119266055;0.108695652;0.006729237;0;1;0;0.005
1;0.73880597;0.779816514;0.681798222;0.418983531;0.333333333;0;1;0.38
1;0.425373134;0.403669725;0.326086957;0.069240305;0.333333333;1;0;0.07
1;0.746268657;0.743119266;0.739130435;0.371701789;0.333333333;1;0;0.276
1;0.574626866;0.550458716;0.52173913;0.161501682;0.333333333;1;0;0.13
1;0.73880597;0.71559633;0.630434783;0.25889853;0.333333333;1;0;0.235
1;0.664179104;0.651376147;0.456521739;0.285107137;0.333333333;1;0;0.235
1;0.597014925;0.559633028;0.5;0.157605808;0.333333333;1;0;0.14
1;0.686567164;0.660550459;0.760869565;0.297326014;0.333333333;1;0;0.3
1;0.589552239;0.559633028;0.543478261;0.176731008;0.333333333;0;1;0.165
1;0.873134328;0.853211009;0.782608696;0.551089074;0.666666667;0;1;0.4
1;0.447761194;0.422018349;0.369565217;0.088896759;0.333333333;0;1;0.0925
1;0.425373134;0.440366972;0.413043478;0.084646715;0.333333333;0;1;0.095
1;0.634328358;0.642201835;0.565217391;0.217283513;0.333333333;0;1;0.205
1;0.567164179;0.587155963;0.47826087;0.175314326;0.333333333;1;0;0.1295
1;0.768656716;0.71559633;0.565217391;0.329024261;0.333333333;0;1;0.28
1;0.776119403;0.770642202;0.695652174;0.440942093;0.333333333;1;0;0.425
1;0.76119403;0.752293578;0.658920758;0.350451567;0.333333333;1;0;0.265
1;0.305970149;0.28440367;0.304347826;0.037719143;0.333333333;0;1;0.0345
1;0.701492537;0.660550459;0.608695652;0.259075615;0.333333333;1;0;0.2185
1;0.52238806;0.504587156;0.456521739;0.143084824;0.333333333;1;0;0.1355
1;0.574626866;0.568807339;0.5;0.164689216;0.333333333;0;1;0.158
1;0.417910448;0.403669725;0.36913954;0.077209138;0.333333333;1;0;0.15
1;0.805970149;0.834862385;0.608695652;0.458296441;0.666666667;0;1;0.32
1;0.52238806;0.541284404;0.413043478;0.138480609;0.333333333;0;1;0.165
1;0.813432836;0.798165138;0.782608696;0.430671153;0.666666667;0;1;0.355
1;0.641791045;0.633027523;0.5;0.272002833;0.333333333;0;1;0.255
1;0.611940299;0.633027523;0.543478261;0.234106605;0.333333333;0;1;0.2
1;0.246268657;0.23853211;0.260869565;0.02461484;0.333333333;1;0;0.025
1;0.828358209;0.844036697;0.673913043;0.478129981;0.333333333;0;1;0.45
1;0.917910448;0.926605505;0.891304348;0.608110501;0.666666667;1;0;0.47
1;0.731343284;0.706422018;0.652173913;0.323357535;0.333333333;1;0;0.32
1;0.708955224;0.651376147;0.5;0.268638215;0.333333333;0;1;0.195
1;0.417910448;0.412844037;0.369565217;0.086240482;0.333333333;0;1;0.075
1;0.641791045;0.596330275;0.52173913;0.231627413;0.333333333;0;1;0.22
1;0.798507463;0.614678899;0.565217391;0.196033292;0.333333333;1;0;0.2235
1;0.679104478;0.660550459;0.586956522;0.333628475;0.333333333;1;0;0.265
1;0.559701493;0.541284404;0.586956522;0.191429077;0.333333333;1;0;0.175
1;0.843283582;0.834862385;0.717391304;0.483796706;0.666666667;0;1;0.57
1;0.604477612;0.605504587;0.586956522;0.225960687;0.333333333;0;1;0.1575
1;1;0.972477064;0.891304348;0.884363379;0.666666667;0;1;0.7
1;0.634328358;0.587155963;0.456521739;0.209845936;0.333333333;1;0;0.19
1;0.410447761;0.394495413;0.347826087;0.072073667;0.333333333;1;0;0.062
1;0.597014925;0.568807339;0.5;0.192845759;0.333333333;1;0;0.172
1;0.723880597;0.71559633;0.630434783;0.308659465;0.333333333;1;0;0.275
1;0.455223881;0.330275229;0.391304348;0.090667611;0.333333333;0;1;0.08
1;0.619402985;0.605504587;0.5;0.214981406;0.333333333;0;1;0.1775
1;0.858208955;0.899082569;0.673913043;0.553922437;0.666666667;1;0;0.415
1;0.380597015;0.366972477;0.369565217;0.065698601;0.333333333;0;1;0.06
1;0.447761194;0.449541284;0.391304348;0.086594652;0.333333333;0;1;0.083
1;0.708955224;0.660550459;0.717391304;0.36833717;0.333333333;0;1;0.2905
1;0.559701493;0.550458716;0.434782609;0.161678767;0.333333333;1;0;0.14
1;0.828358209;0.798165138;0.782608696;0.416327253;0.333333333;0;1;0.285
1;0.679104478;0.669724771;0.543478261;0.23906499;0.333333333;1;0;0.21
1;0.708955224;0.688073394;0.5;0.326190898;0.333333333;1;0;0.283
1;0.425373134;0.376146789;0.347826087;0.062511068;0.333333333;1;0;0.075
1;0.753731343;0.752293578;0.586956522;0.313440765;0.333333333;0;1;0.265
1;0.597014925;0.587155963;0.52173913;0.182574818;0.333333333;0;1;0.17
1;0.485074627;0.486238532;0.434782609;0.124313795;0.333333333;1;0;0.1
1;0.485074627;0.431192661;0.456521739;0.098282274;0.333333333;0;1;0.075
1;0.634328358;0.596330275;0.630434783;0.210200106;0.333333333;0;1;0.2
1;0.365671642;0.348623853;0.304347826;0.055427661;0.333333333;1;0;0.05
1;0.470149254;0.449541284;0.347826087;0.107490703;0.333333333;0;1;0.085
1;0.507462687;0.504587156;0.347826087;0.126615902;0.333333333;1;0;0.09
1;0.589552239;0.568807339;0.47826087;0.216043917;0.333333333;0;1;0.14
1;0.723880597;0.733944954;0.5;0.333274305;0.333333333;1;0;0.375
1;0.388059701;0.357798165;0.282608696;0.063927749;0.333333333;1;0;0.055
1;0.537313433;0.513761468;0.434782609;0.133876395;0.333333333;1;0;0.11
1;0.73880597;0.706422018;0.565217391;0.336993094;0.333333333;1;0;0.305
1;0.723880597;0.724770642;0.717391304;0.357357889;0.333333333;0;1;0.37
1;0.731343284;0.706422018;0.760869565;0.321232513;0.333333333;0;1;0.255
1;0.619402985;0.568807339;0.586956522;0.22401275;0.333333333;1;0;0.22
1;0.246268657;0.256880734;0.217391304;0.031875332;0.333333333;1;0;0.0245
1;0.365671642;0.339449541;0.326086957;0.05950062;0.333333333;0;1;0.049
1;0.731343284;0.724770642;0.630434783;0.374535151;0.333333333;0;1;0.265
1;0.828358209;0.788990826;0.717391304;0.459713122;0.333333333;0;1;0.46
1;0.753731343;0.752293578;0.673913043;0.389410306;0.333333333;1;0;0.35
1;0.440298507;0.431192661;0.369565217;0.087480078;0.333333333;1;0;0.067
1;0.634328358;0.596330275;0.630434783;0.231273242;0.333333333;1;0;0.205
1;0.611940299;0.577981651;0.52173913;0.161501682;0.333333333;1;0;0.136
1;0.828358209;0.816513761;0.760869565;0.489109262;0.666666667;1;0;0.38
1;0.634328358;0.614678899;0.543478261;0.232867009;0.333333333;0;1;0.1565
1;0.873134328;0.899082569;0.760869565;0.466796529;0.666666667;0;1;0.455
1;0.656716418;0.697247706;0.586956522;0.311492828;0.333333333;0;1;0.255
1;0.559701493;0.541284404;0.52173913;0.162210023;0.333333333;0;1;0.135
1;0.298507463;0.275229358;0.260869565;0.032583673;0.333333333;0;1;0.0325
1;0.589552239;0.577981651;0.739130435;0.179918541;0.333333333;0;1;0.1625
1;0.835820896;0.825688073;0.695652174;0.500442713;0.666666667;1;0;0.365
1;0.813432836;0.788990826;0.847826087;0.431025323;0.333333333;0;1;0.385
1;0.73880597;0.733944954;0.673913043;0.374535151;0.333333333;1;0;0.285
1;0.5;0.458715596;0.347826087;0.12449088;0.333333333;1;0;0.1
1;0.447761194;0.431192661;0.456521739;0.095094741;0.333333333;1;0;0.0885
1;0.78358209;0.825688073;0.782608696;0.399149991;0.333333333;1;0;0.36
1;0.425373134;0.394495413;0.391304348;0.076146627;0.333333333;0;1;0.0715
1;0.291044776;0.256880734;0.217391304;0.025146095;0.333333333;1;0;0.03
1;0.514925373;0.513761468;0.456521739;0.129980521;0.333333333;0;1;0.12
1;0.552238806;0.513761468;0.391304348;0.172658049;0.333333333;1;0;0.1105
1;0.76119403;0.743119266;0.760869565;0.325836727;0.333333333;0;1;0.285
1;0.626865672;0.623853211;0.5;0.191074907;0.333333333;0;1;0.155
1;0.567164179;0.550458716;0.5;0.187887374;0.333333333;1;0;0.1465
1;0.47761194;0.47706422;0.413043478;0.123782539;0.333333333;1;0;0.1195
1;0.753731343;0.752293578;0.652173913;0.365680893;0.333333333;0;1;0.3635
1;0.611940299;0.550458716;0.47826087;0.193022844;0.333333333;0;1;0.14
1;0.537313433;0.623853211;0.413043478;0.128032584;0.333333333;1;0;0.13
1;0.708955224;0.678899083;0.608695652;0.284752966;0.333333333;1;0;0.245
1;0.835820896;0.788990826;0.673913043;0.457765185;0.666666667;1;0;0.2715
1;0.791044776;0.743119266;0.695652174;0.396670799;0.333333333;1;0;0.315
1;0.619402985;0.596330275;0.565217391;0.268638215;0.333333333;0;1;0.185
1;0.902985075;0.908256881;0.869565217;0.617141845;0.666666667;1;0;0.625
1;0.813432836;0.76146789;0.934782609;0.394191606;0.333333333;1;0;0.36
1;0.723880597;0.71559633;0.804347826;0.346732778;0.333333333;1;0;0.335
1;0.641791045;0.614678899;0.608695652;0.241898353;0.333333333;1;0;0.156
1;0.462686567;0.422018349;0.413043478;0.102178148;0.333333333;0;1;0.0875
1;0.708955224;0.688073394;0.565217391;0.286346733;0.333333333;1;0;0.275
1;0.567164179;0.550458716;0.47826087;0.158491234;0.333333333;1;0;0.15
1;0.925373134;0.926605505;0.782608696;0.528422171;0.666666667;0;1;0.485
1;0.529850746;0.52293578;0.47826087;0.125907562;0.333333333;1;0;0.1045
1;0.679104478;0.651376147;0.673913043;0.25854436;0.333333333;0;1;0.31
1;0.626865672;0.623853211;0.543478261;0.22365858;0.333333333;0;1;0.1495
1;0.895522388;0.862385321;0.630434783;0.522932531;0.666666667;1;0;0.42
1;0.805970149;0.816513761;0.717391304;0.486984239;0.666666667;1;0;0.292
1;0.828358209;0.844036697;0.652173913;0.359128741;0.333333333;0;1;0.355
1;0.76119403;0.733944954;0.608695652;0.348857801;0.333333333;0;1;0.31
1;0.798507463;0.770642202;0.608695652;0.341597308;0.333333333;1;0;0.345
1;0.671641791;0.669724771;0.652173913;0.267044448;0.333333333;1;0;0.275
1;0.746268657;0.724770642;0.673913043;0.325659642;0.333333333;0;1;0.256
1;0.52238806;0.504587156;0.52173913;0.155303701;0.333333333;0;1;0.155
1;0.634328358;0.633027523;0.5;0.237471224;0.333333333;0;1;0.1825
1;0.873134328;0.816513761;0.673913043;0.420931468;0.333333333;1;0;0.37
1;0.634328358;0.651376147;0.608695652;0.233752435;0.333333333;0;1;0.22
1;0.455223881;0.458715596;0.369565217;0.098990614;0.333333333;1;0;0.09
1;0.753731343;0.743119266;0.608695652;0.394368691;0.666666667;1;0;0.29
1;0.641791045;0.642201835;0.434782609;0.220648132;0.333333333;0;1;0.175
1;0.925373134;0.926605505;0.913043478;0.648840092;0.666666667;1;0;0.455
1;0.455223881;0.403669725;0.369565217;0.047990083;0.333333333;1;0;0.0605
1;0.485074627;0.486238532;0.369565217;0.106605277;0.333333333;0;1;0.1
1;0.820895522;0.788990826;0.782608696;0.415264742;0.333333333;1;0;0.42
1;0.507462687;0.52293578;0.52173913;0.129449265;0.333333333;1;0;0.12
1;0.776119403;0.76146789;0.630434783;0.396316628;0.333333333;1;0;0.155
1;0.589552239;0.587155963;0.52173913;0.184522755;0.333333333;0;1;0.145
1;0.679104478;0.660550459;0.652173913;0.276607048;0.333333333;1;0;0.245
1;0.432835821;0.440366972;0.304347826;0.089782185;0.333333333;0;1;0.1
1;0.619402985;0.587155963;0.543478261;0.216221002;0.333333333;1;0;0.22
1;0.78358209;0.770642202;0.608695652;0.356118293;0.333333333;1;0;0.28
1;0.723880597;0.733944954;0.782608696;0.252169293;0.333333333;1;0;0.275
1;0.828358209;0.844036697;0.630434783;0.445192137;0.333333333;0;1;0.41
1;0.73880597;0.724770642;0.630434783;0.422525235;0.666666667;0;1;0.295
1;0.373134328;0.357798165;0.304347826;0.061625642;0.333333333;1;0;0.063
1;0.552238806;0.495412844;0.5;0.160439171;0.333333333;1;0;0.14
1;0.641791045;0.651376147;0.5;0.226669028;0.333333333;0;1;0.155
1;0.611940299;0.623853211;0.652173913;0.233044094;0.333333333;1;0;0.235
1;0.567164179;0.541284404;0.47826087;0.170533026;0.333333333;0;1;0.16
1;0.223880597;0.19266055;0.152173913;0.015760581;0.333333333;1;0;0.015
1;0.932835821;0.95412844;0.695652174;0.463254826;0.666666667;1;0;0.42
1;0.447761194;0.458715596;0.456521739;0.095448911;0.333333333;1;0;0.09
1;0.78358209;0.779816514;0.608695652;0.363732956;0.333333333;1;0;0.295
1;0.589552239;0.559633028;0.52173913;0.18434567;0.333333333;1;0;0.165
1;0.589552239;0.559633028;0.586956522;0.18948114;0.333333333;1;0;0.195
1;0.746268657;0.76146789;0.565217391;0.295909332;0.333333333;0;1;0.24
1;0.641791045;0.605504587;0.608695652;0.226491943;0.333333333;0;1;0.215
1;0.47761194;0.440366972;0.369565217;0.078802904;0.333333333;1;0;0.08
1;0.582089552;0.532110092;0.434782609;0.155657871;0.333333333;1;0;0.12
1;0.746268657;0.733944954;0.586956522;0.411900124;0.666666667;0;1;0.3
1;0.597014925;0.577981651;0.5;0.18948114;0.333333333;0;1;0.15
1;0.410447761;0.385321101;0.347826087;0.062156897;0.333333333;0;1;0.068
1;0.604477612;0.577981651;0.47826087;0.181335222;0.333333333;1;0;0.155
1;0.679104478;0.623853211;0.586956522;0.273773685;0.333333333;1;0;0.255
1;0.791044776;0.788990826;0.652173913;0.432087834;0.666666667;1;0;0.28
1;0.402985075;0.366972477;0.304347826;0.059146449;0.333333333;0;1;0.054
1;0.791044776;0.80733945;0.586956522;0.372587214;0.333333333;1;0;0.36
1;0.373134328;0.321100917;0.347826087;0.051354702;0.333333333;0;1;0.045
1;0.723880597;0.706422018;0.652173913;0.305471932;0.333333333;0;1;0.26
1;0.298507463;0.266055046;0.239130435;0.035948291;0.333333333;1;0;0.03
1;0.895522388;0.862385321;0.760869565;0.561360014;0.666666667;0;1;0.395
1;0.305970149;0.275229358;0.195652174;0.039489995;0.333333333;1;0;0.0335
1;0.902985075;0.871559633;0.760869565;0.392243669;0.333333333;1;0;0.34
1;0.559701493;0.541284404;0.586956522;0.185231096;0.333333333;1;0;0.1655
1;0.425373134;0.394495413;0.347826087;0.066052771;0.333333333;1;0;0.055
1;0.462686567;0.449541284;0.369565217;0.084292545;0.333333333;0;1;0.085
1;0.611940299;0.568807339;0.47826087;0.207720914;0.333333333;1;0;0.175
1;0.507462687;0.532110092;0.543478261;0.136178502;0.333333333;0;1;0.148
1;0.23880597;0.19266055;0.217391304;0.018593944;0.333333333;0;1;0.015
1;0.708955224;0.724770642;0.608695652;0.358597485;0.333333333;0;1;0.2875
1;0.373134328;0.357798165;0.304347826;0.060740216;0.333333333;1;0;0.049
1;0.820895522;0.798165138;0.717391304;0.435983708;0.666666667;1;0;0.365
1;0.835820896;0.862385321;0.847826087;0.524880468;0.666666667;0;1;0.43
1;0.694029851;0.642201835;0.5;0.314857446;0.333333333;0;1;0.202
1;0.589552239;0.541284404;0.52173913;0.164335045;0.333333333;1;0;0.145
1;0.492537313;0.495412844;0.434782609;0.125199221;0.333333333;1;0;0.117
1;0.850746269;0.834862385;0.826086957;0.554453692;0.666666667;1;0;0.46
1;0.71641791;0.678899083;0.565217391;0.2783779;0.333333333;1;0;0.285
1;0.194029851;0.155963303;0.173913043;0.015583496;0.333333333;1;0;0.0135
1;0.708955224;0.678899083;0.630434783;0.324242961;0.333333333;0;1;0.335
1;0.753731343;0.733944954;0.695652174;0.320701257;0.333333333;1;0;0.285
1;0.76119403;0.770642202;0.47826087;0.333982646;0.333333333;0;1;0.28
1;0.723880597;0.706422018;0.565217391;0.343191075;0.333333333;0;1;0.265
1;0.268656716;0.229357798;0.239130435;0.027271117;0.333333333;0;1;0.025
1;0.402985075;0.394495413;0.347826087;0.068354879;0.333333333;0;1;0.059
1;0.910447761;0.889908257;0.652173913;0.589870728;0.666666667;1;0;0.475
1;0.268656716;0.256880734;0.260869565;0.02532318;0.333333333;1;0;0.025
1;0.664179104;0.605504587;0.456521739;0.236231627;0.333333333;0;1;0.205
1;0.865671642;0.834862385;0.630434783;0.455994333;0.666666667;1;0;0.41
1;0.634328358;0.605504587;0.47826087;0.197627059;0.333333333;1;0;0.135
1;0.708955224;0.688073394;0.630434783;0.277315389;0.333333333;1;0;0.233
1;0.619402985;0.596330275;0.5;0.193731185;0.333333333;1;0;0.174
1;0.746268657;0.770642202;0.652173913;0.393837436;0.333333333;0;1;0.29
1;0.701492537;0.669724771;0.52173913;0.310607402;0.333333333;0;1;0.23
1;0.73880597;0.743119266;0.565217391;0.336993094;0.333333333;0;1;0.245
1;0.723880597;0.733944954;0.652173913;0.341774393;0.333333333;1;0;0.274
1;0.776119403;0.779816514;0.608695652;0.392420754;0.333333333;1;0;0.33
1;0.111940299;0.266055046;0.260869565;0.034708695;0.333333333;1;0;0.035
1;0.373134328;0.339449541;0.282608696;0.054188064;0.333333333;0;1;0.06
1;0.589552239;0.550458716;0.52173913;0.192845759;0.333333333;1;0;0.185
1;0.873134328;0.935779817;0.804347826;0.622808571;0.666666667;1;0;0.5
1;0.73880597;0.743119266;0.695652174;0.319284576;0.333333333;0;1;0.214
1;0.485074627;0.467889908;0.391304348;0.107667788;0.333333333;1;0;0.094
1;0.455223881;0.431192661;0.47826087;0.09952187;0.333333333;0;1;0.085
1;0.462686567;0.467889908;0.391304348;0.100053126;0.333333333;0;1;0.1
1;0.597014925;0.587155963;0.5;0.20417921;0.333333333;1;0;0.155
1;0.723880597;0.743119266;0.97826087;0.296617673;0.333333333;0;1;0.305
1;0.253731343;0.256880734;0.217391304;0.032937843;0.333333333;1;0;0.026
1;0.641791045;0.605504587;0.586956522;0.239242075;0.333333333;0;1;0.2
1;0.641791045;0.678899083;0.565217391;0.300336462;0.333333333;1;0;0.285
1;0.656716418;0.596330275;0.543478261;0.23357535;0.333333333;0;1;0.155
1;0.350746269;0.330275229;0.260869565;0.052771383;0.333333333;1;0;0.045
1;0.791044776;0.752293578;0.673913043;0.373295555;0.333333333;0;1;0.34
1;0.73880597;0.688073394;0.47826087;0.375243492;0.333333333;0;1;0.31
1;0.388059701;0.357798165;0.347826087;0.063396494;0.333333333;0;1;0.06
1;0.589552239;0.577981651;0.565217391;0.175845582;0.333333333;1;0;0.145
1;0.320895522;0.275229358;0.260869565;0.033823269;0.333333333;1;0;0.035
1;0.455223881;0.431192661;0.369565217;0.106959447;0.333333333;1;0;0.077
1;0.671641791;0.660550459;0.695652174;0.294138481;0.333333333;1;0;0.31
1;0.798507463;0.816513761;1;0.580839384;0.666666667;0;1;0.69
1;0.597014925;0.614678899;0.47826087;0.187179033;0.333333333;1;0;0.17
1;0.492537313;0.458715596;0.47826087;0.112094918;0.333333333;0;1;0.095
1;0.388059701;0.357798165;0.304347826;0.064104834;0.333333333;1;0;0.0575
1;0.373134328;0.348623853;0.260869565;0.056313087;0.333333333;1;0;0.045
1;0.305970149;0.266055046;0.304347826;0.031698247;0.333333333;0;1;0.03
1;0.641791045;0.633027523;0.5;0.205772977;0.333333333;1;0;0.175
1;0.514925373;0.47706422;0.391304348;0.120949177;0.333333333;1;0;0.09
1;0.514925373;0.486238532;0.456521739;0.132459713;0.333333333;1;0;0.1
1;0.440298507;0.422018349;0.391304348;0.0800425;0.333333333;0;1;0.081
1;0.604477612;0.587155963;0.586956522;0.274482026;0.333333333;0;1;0.17
1;0.417910448;0.385321101;0.326086957;0.070479901;0.333333333;0;1;0.0695
1;0.537313433;0.495412844;0.434782609;0.152824509;0.333333333;1;0;0.155
1;0.731343284;0.724770642;0.652173913;0.280857092;0.333333333;1;0;0.23
1;0.791044776;0.816513761;0.717391304;0.38817071;0.333333333;0;1;0.375
1;0.619402985;0.596330275;0.47826087;0.186647778;0.333333333;1;0;0.155
1;0.731343284;0.71559633;0.630434783;0.291836373;0.333333333;1;0;0.2475
1;0.559701493;0.513761468;0.413043478;0.157605808;0.333333333;1;0;0.119
1;0.552238806;0.541284404;0.52173913;0.147866124;0.333333333;1;0;0.1195
1;0.440298507;0.403669725;0.565217391;0.077740393;0.333333333;1;0;0.0615
1;0.619402985;0.587155963;0.608695652;0.203116699;0.333333333;1;0;0.19
1;0.634328358;0.577981651;0.543478261;0.158668319;0.333333333;1;0;0.155
1;0.119402985;0.100917431;0.130434783;0.0047813;0;0;1;0.005
1;0.970149254;0.95412844;0.717391304;0.751549495;0.666666667;1;0;0.85
1;0.813432836;0.816513761;0.673913043;0.462192315;0.666666667;0;1;0.315
1;0.417910448;0.431192661;0.347826087;0.115282451;0.333333333;0;1;0.09
1;0.52238806;0.449541284;0.369565217;0.123782539;0.333333333;1;0;0.12
1;0.679104478;0.669724771;0.673913043;0.316097043;0.333333333;0;1;0.245
1;0.76119403;0.697247706;0.717391304;0.347086949;0.333333333;1;0;0.27
1;0.611940299;0.550458716;0.413043478;0.175668497;0.333333333;1;0;0.1525
1;0.932835821;0.880733945;0.652173913;0.610412608;0.666666667;0;1;0.54
1;0.71641791;0.724770642;0.586956522;0.323357535;0.333333333;0;1;0.285
1;0.828358209;0.779816514;0.717391304;0.483619621;0.666666667;1;0;0.515
1;0.753731343;0.724770642;0.586956522;0.401983354;0.666666667;1;0;0.29
1;0.619402985;0.596330275;0.565217391;0.225429432;0.333333333;0;1;0.195
1;0.552238806;0.504587156;0.413043478;0.159553745;0.333333333;1;0;0.123
1;0.410447761;0.357798165;0.260869565;0.063042323;0.333333333;1;0;0.054
1;0.574626866;0.541284404;0.47826087;0.181689393;0.333333333;0;1;0.1565
1;0.268656716;0.23853211;0.217391304;0.030458651;0.333333333;1;0;0.023
1;0.73880597;0.706422018;0.630434783;0.394545777;0.333333333;0;1;0.27
1;0.358208955;0.339449541;0.326086957;0.060031875;0.333333333;1;0;0.0535
1;0.410447761;0.376146789;0.326086957;0.060917301;0.333333333;1;0;0.06
1;0.664179104;0.651376147;0.47826087;0.210023021;0.333333333;1;0;0.19
1;0.768656716;0.770642202;0.673913043;0.380733133;0.333333333;0;1;0.3095
1;0.708955224;0.651376147;0.586956522;0.292721799;0.333333333;1;0;0.25
1;0;0;0;0;0;1;0;0.0015
1;0.634328358;0.605504587;0.543478261;0.226846113;0.333333333;0;1;0.1535
1;0.358208955;0.321100917;0.347826087;0.04480255;0.333333333;1;0;0.04
1;0.828358209;0.816513761;0.695652174;0.464494422;0.666666667;1;0;0.4
1;0.798507463;0.770642202;0.673913043;0.394545777;0.333333333;0;1;0.315
1;0.805970149;0.862385321;0.630434783;0.367097574;0.333333333;1;0;0.345
1;0.671641791;0.633027523;0.52173913;0.29307597;0.333333333;0;1;0.275
1;0.746268657;0.743119266;0.673913043;0.397379139;0.333333333;1;0;0.44
1;0.701492537;0.706422018;0.543478261;0.324597131;0.333333333;1;0;0.2375
1;0.425373134;0.403669725;0.36913954;0.081990437;0.333333333;1;0;0.085
1;0.71641791;0.706422018;0.608695652;0.266690278;0.333333333;0;1;0.26
1;0.470149254;0.467889908;0.391304348;0.106251107;0.333333333;1;0;0.115
1;0.485074627;0.449541284;0.5;0.146980698;0.333333333;0;1;0.1175
1;0.71641791;0.678899083;0.739130435;0.309190721;0.333333333;1;0;0.255
1;0.52238806;0.52293578;0.391304348;0.134584735;0.333333333;1;0;0.1
1;0.305970149;0.275229358;0.391304348;0.040552506;0.333333333;0;1;0.03
1;0.746268657;0.724770642;0.695652174;0.370285107;0.333333333;1;0;0.385
1;0.559701493;0.52293578;0.52173913;0.130865947;0.333333333;0;1;0.105
1;0.873134328;0.871559633;0.695652174;0.491765539;0.666666667;0;1;0.453
1;0.440298507;0.412844037;0.391304348;0.088542589;0.333333333;0;1;0.074
1;0.828358209;0.798165138;0.739130435;0.399504162;0.333333333;0;1;0.315
1;0.634328358;0.605504587;0.608695652;0.221179387;0.333333333;1;0;0.16
1;0.701492537;0.688073394;0.673913043;0.283336285;0.333333333;1;0;0.28
1;0.746268657;0.743119266;0.782608696;0.351336993;0.333333333;1;0;0.34
1;0.970149254;0.926605505;0.869565217;0.757570391;0.666666667;1;0;1.005
1;0.417910448;0.412844037;0.326086957;0.102178148;0.333333333;1;0;0.115
1;0.597014925;0.577981651;0.5;0.179741456;0.333333333;0;1;0.165
1;0.589552239;0.587155963;0.47826087;0.196387462;0.333333333;0;1;0.195
1;0.335820896;0.321100917;0.304347826;0.04444838;0.333333333;1;0;0.04
1;0.417910448;0.403669725;0.347826087;0.088188419;0.333333333;1;0;0.08
1;0.358208955;0.348623853;0.326086957;0.050115105;0.333333333;1;0;0.05
1;0.410447761;0.403669725;0.434782609;0.102886488;0.333333333;0;1;0.0905
1;0.641791045;0.642201835;0.565217391;0.309190721;0.333333333;0;1;0.285
1;0.440298507;0.403669725;0.391304348;0.080573756;0.333333333;1;0;0.07
1;0.671641791;0.642201835;0.652173913;0.232335753;0.333333333;1;0;0.225
1;0.380597015;0.366972477;0.326086957;0.057906853;0.333333333;1;0;0.06
1;0.731343284;0.678899083;0.543478261;0.286700903;0.333333333;0;1;0.255
1;0.746268657;0.724770642;0.652173913;0.345493182;0.333333333;1;0;0.33
1;0.798507463;0.770642202;0.565217391;0.400566673;0.666666667;1;0;0.35
1;0.589552239;0.541284404;0.586956522;0.182574818;0.333333333;1;0;0.18
1;0.589552239;0.577981651;0.47826087;0.204533381;0.333333333;0;1;0.14
1;0.78358209;0.816513761;0.760869565;0.460952718;0.333333333;0;1;0.465
1;0.708955224;0.678899083;0.5;0.271294493;0.333333333;1;0;0.26
1;0.402985075;0.403669725;0.369565217;0.069948645;0.333333333;1;0;0.07
1;0.76119403;0.770642202;0.760869565;0.338763945;0.333333333;1;0;0.33
1;0.320895522;0.321100917;0.282608696;0.040552506;0.333333333;0;1;0.04
1;0.805970149;0.779816514;0.673913043;0.410660528;0.666666667;1;0;0.305
1;0.597014925;0.568807339;0.456521739;0.172835134;0.333333333;1;0;0.1335
1;0.753731343;0.724770642;0.717391304;0.377545599;0.333333333;0;1;0.32
1;0.679104478;0.678899083;0.52173913;0.267929874;0.333333333;1;0;0.205
1;0.470149254;0.431192661;0.5;0.107490703;0.333333333;1;0;0.09
1;0.78358209;0.770642202;0.717391304;0.475473703;0.666666667;0;1;0.36
1;0.373134328;0.376146789;0.347826087;0.067115282;0.333333333;1;0;0.062
1;0.440298507;0.412844037;0.413043478;0.082167523;0.333333333;0;1;0.075
1;0.619402985;0.596330275;0.543478261;0.191074907;0.333333333;0;1;0.19
1;0.402985075;0.394495413;0.434782609;0.07490703;0.333333333;1;0;0.07
1;0.723880597;0.733944954;0.630434783;0.281565433;0.333333333;0;1;0.2425
1;0.559701493;0.541284404;0.565217391;0.167168408;0.333333333;1;0;0.1275
1;0.664179104;0.642201835;0.565217391;0.288825925;0.333333333;1;0;0.26
1;0.582089552;0.541284404;0.5;0.170001771;0.333333333;1;0;0.1095
1;0.634328358;0.633027523;0.673913043;0.291482203;0.333333333;0;1;0.285
1;0.597014925;0.559633028;0.47826087;0.208783425;0.333333333;1;0;0.127
1;0.208955224;0.183486239;0.217391304;0.017885603;0.333333333;1;0;0.015
1;0.574626866;0.596330275;0.52173913;0.225606517;0.333333333;1;0;0.16
1;0.574626866;0.550458716;0.52173913;0.182397733;0.333333333;1;0;0.165
1;0.686567164;0.697247706;0.565217391;0.30883655;0.333333333;0;1;0.2195
1;0.768656716;0.76146789;0.652173913;0.426421109;0.333333333;0;1;0.309
1;0.753731343;0.798165138;0.804347826;0.465556933;0.666666667;1;0;0.41
1;0.813432836;0.825688073;0.652173913;0.485390473;0.666666667;1;0;0.3685
1;0.71641791;0.706422018;0.608695652;0.386045688;0.333333333;0;1;0.4405
1;0.813432836;0.752293578;0.760869565;0.450504693;0.666666667;0;1;0.32
1;0.52238806;0.495412844;0.369565217;0.133345139;0.333333333;0;1;0.1
1;0.970149254;0.944954128;0.782608696;0.902426067;1;0;1;0.725
1;0.768656716;0.733944954;0.630434783;0.376837259;0.333333333;1;0;0.415
1;0.156716418;0.128440367;0.108695652;0.008677174;0;1;0;0.0085
1;0.880597015;0.862385321;0.673913043;0.473171596;0.666666667;0;1;0.35
1;0.529850746;0.495412844;0.456521739;0.136178502;0.333333333;1;0;0.11
1;0.843283582;0.834862385;0.673913043;0.525588808;0.666666667;1;0;0.321
1;0.589552239;0.559633028;0.47826087;0.168408004;0.333333333;1;0;0.15
1;0.395522388;0.357798165;0.282608696;0.062511068;0.333333333;1;0;0.045
1;0.649253731;0.642201835;0.608695652;0.248450505;0.333333333;0;1;0.1885
1;0.701492537;0.706422018;0.47826087;0.302638569;0.333333333;0;1;0.24
1;0.402985075;0.376146789;0.347826087;0.072604923;0.333333333;1;0;0.0765
1;0.798507463;0.788990826;0.673913043;0.385868603;0.333333333;1;0;0.33
1;0.611940299;0.587155963;0.543478261;0.196210377;0.333333333;1;0;0.1685
1;0.440298507;0.412844037;0.376765362;0.093323889;0.333333333;1;0;0.08
1;0.246268657;0.220183486;0.239130435;0.022843988;0.333333333;1;0;0.017
1;0.813432836;0.770642202;0.717391304;0.359305826;0.333333333;1;0;0.325
1;0.791044776;0.724770642;0.804347826;0.38817071;0.333333333;1;0;0.315
1;0.649253731;0.587155963;0.391304348;0.20417921;0.333333333;1;0;0.175
1;0.641791045;0.706422018;0.565217391;0.292367629;0.333333333;0;1;0.239
1;0.52238806;0.596330275;0.413043478;0.114928281;0.333333333;1;0;0.1
1;0.559701493;0.596330275;0.673913043;0.288471755;0.333333333;1;0;0.265
1;0.544776119;0.568807339;0.5;0.182043563;0.333333333;0;1;0.155
1;0.686567164;0.642201835;0.586956522;0.241721268;0.333333333;1;0;0.205
1;0.552238806;0.541284404;0.456521739;0.127324243;0.333333333;0;1;0.117
1;0.656716418;0.642201835;0.586956522;0.245440057;0.333333333;0;1;0.234
1;0.544776119;0.532110092;0.52173913;0.158491234;0.333333333;1;0;0.134
1;0.746268657;0.633027523;0.630434783;0.329555516;0.333333333;0;1;0.3
1;0.895522388;0.862385321;0.695652174;0.640162918;0.666666667;1;0;0.455
1;0.432835821;0.403669725;0.543478261;0.084292545;0.333333333;1;0;0.0735
1;0.78358209;0.770642202;0.630434783;0.42783779;0.666666667;1;0;0.3205
1;0.440298507;0.412844037;0.434782609;0.080927926;0.333333333;1;0;0.075
1;0.462686567;0.431192661;0.369565217;0.10979281;0.333333333;1;0;0.086
1;0.820895522;0.816513761;0.804347826;0.484150877;0.666666667;0;1;0.37
1;0.671641791;0.651376147;0.52173913;0.349920312;0.333333333;0;1;0.295
1;0.708955224;0.660550459;0.543478261;0.269700726;0.333333333;1;0;0.2
1;0.649253731;0.651376147;0.586956522;0.281211263;0.333333333;0;1;0.1955
1;0.76119403;0.642201835;0.608695652;0.444306712;0.333333333;0;1;0.325
1;0.574626866;0.52293578;0.543478261;0.174605985;0.333333333;0;1;0.185
1;0.791044776;0.76146789;0.739130435;0.40322295;0.333333333;0;1;0.385
1;0.634328358;0.633027523;0.5;0.235700372;0.333333333;1;0;0.22
1;0.858208955;0.844036697;0.652173913;0.411014698;0.333333333;1;0;0.33
1;0.373134328;0.339449541;0.326086957;0.060563131;0.333333333;0;1;0.05
1;0.5;0.486238532;0.456521739;0.136355587;0.333333333;1;0;0.0985
1;0.395522388;0.357798165;0.282608696;0.065167345;0.333333333;1;0;0.0445
1;0.634328358;0.642201835;0.630434783;0.272711174;0.333333333;0;1;0.245
1;0.753731343;0.743119266;0.608695652;0.351868249;0.333333333;1;0;0.26
1;0.701492537;0.678899083;0.543478261;0.298388525;0.333333333;0;1;0.235
1;0.865671642;0.871559633;0.804347826;0.490880113;0.666666667;0;1;0.41
1;0.850746269;0.908256881;0.717391304;0.456702674;0.666666667;1;0;0.33
1;0.671641791;0.642201835;0.608695652;0.280857092;0.333333333;1;0;0.255
1;0.597014925;0.550458716;0.47826087;0.16929343;0.333333333;0;1;0.135
1;0.753731343;0.733944954;0.47826087;0.379493536;0.333333333;1;0;0.265
1;0.753731343;0.724770642;0.608695652;0.327607579;0.333333333;0;1;0.36
1;0.305970149;0.119266055;0.282608696;0.040729591;0.333333333;1;0;0.0345
1;0.798507463;0.80733945;0.760869565;0.40765008;0.666666667;1;0;0.245
1;0.544776119;0.550458716;0.456521739;0.146272357;0.333333333;1;0;0.131
1;0.141791045;0.137614679;0.369565217;0.00991677;0.333333333;1;0;0.01
1;0.470149254;0.440366972;0.369565217;0.071188242;0.333333333;1;0;0.075
1;0.768656716;0.788990826;0.47826087;0.321940854;0.333333333;0;1;0.29
1;0.686567164;0.660550459;0.695652174;0.310607402;0.333333333;1;0;0.285
1;0.559701493;0.513761468;0.413043478;0.149814061;0.333333333;1;0;0.115
1;0.231343284;0.220183486;0.239130435;0.022135647;0.333333333;1;0;0.02
1;0.776119403;0.770642202;0.652173913;0.465911103;0.333333333;0;1;0.58
1;0.305970149;0.28440367;0.326086957;0.037010802;0.333333333;1;0;0.03
1;0.664179104;0.669724771;0.52173913;0.353816186;0.333333333;1;0;0.265
1;0.611940299;0.559633028;0.52173913;0.191074907;0.333333333;0;1;0.16
1;0.768656716;0.752293578;0.608695652;0.352399504;0.333333333;1;0;0.34
1;0.425373134;0.422018349;0.413043478;0.0848238;0.333333333;1;0;0.075
1;0.708955224;0.678899083;0.543478261;0.300867717;0.333333333;1;0;0.27
1;0.858208955;0.862385321;0.739130435;0.575172658;0.666666667;1;0;0.53
1;0.843283582;0.862385321;0.891304348;0.629360723;0.333333333;1;0;0.55
1;0.880597015;0.917431193;0.804347826;0.508765716;0.666666667;1;0;0.36
1;0.880597015;0.880733945;0.804347826;0.568089251;0.666666667;0;1;0.48
1;0.604477612;0.587155963;0.413043478;0.185231096;0.333333333;1;0;0.155
1;0.686567164;0.688073394;0.565217391;0.253054719;0.333333333;0;1;0.2155
1;0.574626866;0.678899083;0.630434783;0.263502745;0.333333333;1;0;0.24
1;0.604477612;0.568807339;0.543478261;0.225783602;0.333333333;1;0;0.175
1;0.805970149;0.770642202;0.695652174;0.389764477;0.333333333;1;0;0.345
1;0.26119403;0.247706422;0.217391304;0.026385692;0.333333333;1;0;0.0245
1;0.514925373;0.495412844;0.456521739;0.101469807;0.333333333;0;1;0.1135
1;0.432835821;0.440366972;0.369565217;0.087834248;0.333333333;1;0;0.08
1;0.574626866;0.596330275;0.543478261;0.170001771;0.333333333;0;1;0.145
1;0.880597015;0.889908257;0.717391304;0.476359129;0.333333333;0;1;0.415
