Sex;Length;Diameter;Height;Whole;Shucked;Viscera;Shellweight;Rings
M;0.455;0.365;0.095;0.514;medio;0.101;0.15;15
M;0.35;0.265;0.09;0.2255;medio;0.0485;0.07;7
F;0.53;0.42;0.135;0.677;medio;0.1415;0.21;9
M;0.44;0.365;0.125;0.516;medio;0.114;0.155;10
I;0.33;0.255;0.08;0.205;medio;0.0395;0.055;7
I;0.425;0.3;0.095;0.3515;medio;0.0775;0.12;8
F;0.53;0.415;0.15;0.7775;medio;0.1415;0.33;20
F;;0.425;0.125;0.768;medio;0.1495;0.26;16
M;0.475;0.37;0.125;0.5095;medio;0.1125;0.165;9
F;0.55;0.44;0.15;0.8945;medio;0.151;0.32;19
F;0.525;0.38;0.14;0.6065;medio;0.1475;0.21;14
M;0.43;0.35;0.11;0.406;medio;0.081;0.135;10
M;0.49;0.38;0.135;0.5415;medio;0.095;0.19;11
F;0.535;0.405;0.145;0.6845;medio;0.171;0.205;10
F;;0.355;0.1;0.4755;medio;0.0805;0.185;10
M;0.5;0.4;0.13;0.6645;medio;0.133;0.24;12
I;0.355;0.28;0.085;0.2905;medio;0.0395;0.115;7
F;0.44;0.34;0.1;0.451;medio;0.087;0.13;10
M;0.365;0.295;0.08;0.2555;medio;0.043;0.1;7
M;0.45;0.32;0.1;0.381;medio;0.075;0.115;9
M;0.355;0.28;0.095;0.2455;medio;0.062;0.075;11
I;0.38;0.275;0.1;0.2255;medio;0.049;0.085;10
F;0.565;0.44;0.155;0.9395;medio;0.214;0.27;12
F;0.55;0.415;0.135;0.7635;medio;0.21;0.2;9
F;0.615;0.48;0.165;1.1615;pesado;0.301;0.305;10
F;0.56;0.44;0.14;0.9285;medio;0.188;0.3;11
F;0.58;0.45;0.185;0.9955;medio;0.272;0.285;11
M;0.59;0.445;0.14;0.931;medio;0.234;0.28;12
M;0.605;0.475;0.18;0.9365;medio;0.219;0.295;15
M;0.575;0.425;0.14;0.8635;medio;0.227;0.2;11
M;0.58;0.47;0.165;0.9975;medio;0.242;0.33;10
F;0.68;0.56;0.165;1.639;pesado;0.2805;0.46;15
M;0.665;0.525;0.165;1.338;pesado;0.3575;0.35;18
F;0.68;0.55;0.175;1.798;pesado;0.3925;0.455;19
F;0.705;0.55;0.2;1.7095;pesado;0.4115;0.49;13
M;0.465;0.355;0.105;0.4795;medio;0.124;0.125;8
F;0.54;0.475;0.155;1.217;pesado;0.3075;0.34;16
F;0.45;0.355;0.105;0.5225;medio;0.1165;0.145;8
F;0.575;0.445;0.135;0.883;medio;0.2035;0.26;11
M;0.355;0.29;0.09;0.3275;medio;0.086;0.09;9
F;0.45;0.335;0.105;0.425;medio;0.091;0.115;9
F;0.55;0.425;0.135;0.8515;medio;0.196;0.27;14
I;0.24;0.175;0.045;0.07;medio;0.0235;0.02;5
I;0.205;0.15;0.055;0.042;medio;0.015;0.012;5
I;0.21;0.15;0.05;0.042;medio;0.0125;0.015;4
I;0.39;0.295;0.095;0.203;medio;0.045;0.075;7
M;0.47;0.37;0.12;0.5795;medio;0.227;0.14;9
F;0.46;0.375;0.12;0.4605;medio;0.11;0.15;7
I;0.325;0.245;0.07;0.161;medio;0.0255;0.045;6
F;0.525;0.425;0.16;0.8355;medio;0.2135;0.245;9
I;0.52;0.41;0.12;0.595;medio;0.111;0.19;8
M;0.4;0.32;0.095;0.303;medio;0.06;0.1;7
M;0.485;0.36;0.13;0.5415;medio;0.096;0.16;10
F;0.47;0.36;0.12;0.4775;medio;0.1055;0.15;10
M;0.405;0.31;0.1;0.385;medio;0.0915;0.11;7
F;0.5;0.4;0.14;0.6615;medio;0.1755;0.22;8
M;0.445;0.35;0.12;0.4425;medio;0.0955;0.135;8
M;0.47;0.385;0.135;0.5895;medio;0.12;0.17;8
I;0.245;0.19;0.06;0.086;medio;0.014;0.025;4
F;0.505;0.4;0.125;0.583;medio;0.13;0.175;7
M;0.45;0.345;0.105;0.4115;medio;0.1125;0.135;7
M;0.505;0.405;0.11;0.625;medio;0.16;0.175;900
F;0.53;0.41;0.13;0.6965;medio;0.1935;0.2;10
M;0.425;0.325;0.095;0.3785;medio;0.08;0.1;7
M;0.52;0.4;0.12;0.58;medio;0.1315;0.185;8
M;0.475;0.355;0.12;0.48;medio;0.1015;0.135;8
F;0.565;0.44;0.16;0.915;medio;0.1935;0.32;12
F;0.595;0.495;0.185;1.285;medio;0.224;0.485;13
F;0.475;0.39;0.12;0.5305;medio;0.1155;0.17;10
I;0.31;0.235;0.07;0.151;medio;0.0405;0.045;6
M;0.555;0.425;0.13;0.7665;medio;0.168;0.275;13
F;0.4;0.32;0.11;0.353;medio;0.0985;0.1;8
F;0.595;0.475;0.17;1.247;medio;0.225;0.425;20
M;0.57;0.48;0.175;1.185;medio;0.261;0.38;11
F;0.605;0.45;0.195;1.098;medio;0.2895;0.315;13
F;0.6;0.475;0.15;1.0075;medio;0.221;0.28;15
M;0.595;0.475;0.14;0.944;medio;0.189;0.315;9
F;0.6;0.47;0.15;0.922;medio;0.194;0.305;10
F;0.555;0.425;0.14;0.788;medio;0.1595;0.285;11
F;0.615;0.475;0.17;1.1025;medio;0.2355;0.345;10
F;0.575;0.445;0.14;0.941;medio;0.252;0.285;9
M;0.62;0.51;0.175;1.615;pesado;0.192;0.675;12
F;;0.425;0.165;0.9885;medio;0.225;0.32;16
M;0.595;0.475;0.16;1.3175;medio;0.234;0.58;21
M;0.58;0.45;0.14;1.013;medio;0.216;0.36;14
F;0.57;0.465;0.18;1.295;medio;0.2225;0.44;12
M;0.625;0.465;0.14;1.195;medio;0.205;0.4;13
M;0.56;0.44;0.16;0.8645;medio;0.2075;0.26;10
F;0.46;0.355;0.13;0.517;medio;0.114;0.165;9
F;0.575;0.45;0.16;0.9775;medio;0.231;0.33;12
M;0.565;0.425;0.135;0.8115;medio;0.1675;0.255;15
M;0.555;0.44;0.15;0.755;medio;0.1525;0.26;12
M;0.595;0.465;0.175;1.115;medio;0.254;0.39;13
F;0.625;0.495;0.165;1.262;pesado;0.318;0.39;10
M;0.695;0.56;0.19;1.494;pesado;0.3425;0.485;15
M;0.665;0.535;0.195;1.606;pesado;0.388;0.48;14
M;0.535;0.435;0.15;0.725;medio;0.1385;0.25;9
M;0.47;0.375;0.13;0.523;medio;0.132;0.145;8
M;0.47;0.37;0.13;0.5225;medio;0.133;0.165;7
F;0.475;0.375;0.125;0.5785;medio;0.085;0.155;10
I;0.36;0.265;0.095;0.2315;medio;0.046;0.075;7
M;0.55;0.435;0.145;0.843;medio;0.1915;0.255;15
M;0.53;0.435;0.16;0.883;medio;0.164;0.335;15
M;0.53;0.415;0.14;0.724;medio;0.1675;0.205;10
M;0.605;0.47;0.16;1.1735;medio;0.2405;0.345;12
F;0.52;0.41;0.155;0.727;medio;0.1835;0.235;12
F;0.545;0.43;0.165;0.802;medio;0.183;0.28;11
F;0.5;0.4;0.125;0.6675;medio;0.1315;0.22;10
F;0.51;0.39;0.135;0.6335;medio;0.179;0.2;9
F;0.435;0.395;0.105;0.3635;medio;0.098;0.13;9
M;0.495;0.395;0.125;0.5415;medio;0.1345;0.155;9
M;0.465;0.36;0.105;0.431;medio;0.107;0.175;9
I;0.435;0.32;0.08;0.3325;medio;0.0635;0.105;9
M;0.425;0.35;0.105;0.393;medio;0.063;0.165;9
F;0.545;0.41;0.125;0.6935;medio;0.146;0.21;11
F;0.53;0.415;0.115;0.5915;medio;0.1585;0.18;11
F;0.49;0.375;0.135;0.6125;medio;0.102;0.22;11
M;0.44;0.34;0.105;0.402;medio;0.0955;0.165;10
F;0.56;0.43;0.15;0.8825;medio;0.172;0.31;9
M;0.405;0.305;0.085;0.2605;medio;0.0595;0.085;8
F;0.47;0.365;0.105;0.4205;medio;0.1035;0.14;9
I;0.385;0.295;0.085;0.2535;medio;0.0575;0.085;7
F;0.515;0.425;0.14;0.766;medio;0.1725;0.255;14
M;0.37;0.265;0.075;0.214;medio;0.051;0.07;6
I;0.36;0.28;0.08;0.1755;medio;0.0505;0.07;6
I;0.27;0.195;0.06;0.073;medio;0.0235;0.03;5
I;0.375;0.275;0.09;0.238;medio;0.0545;0.07;6
I;0.385;0.29;0.085;0.2505;medio;0.061;0.08;8
M;0.7;0.535;0.16;1.7255;pesado;0.2635;0.54;19
M;0.71;0.54;0.165;1.959;pesado;0.261;0.78;18
M;0.595;0.48;0.165;1.262;medio;0.283;0.41;17
F;0.44;0.35;0.125;0.4035;medio;0.063;0.129;9
F;0.325;0.26;0.09;0.1915;medio;0.036;0.062;7
I;0.35;0.26;0.095;0.211;medio;0.056;0.068;7
I;0.265;0.2;0.065;0.0975;medio;0.0205;0.028;7
F;0.425;0.33;0.115;0.406;medio;0.081;0.1355;8
F;0.305;0.23;0.08;0.156;medio;0.0345;0.048;7
M;0.345;0.255;0.09;0.2005;medio;0.0295;0.063;9
F;0.405;0.325;0.11;0.3555;medio;0.063;0.117;9
M;0.375;0.285;0.095;0.253;medio;0.0575;0.0925;9
F;0.565;0.445;0.155;0.826;medio;0.2055;0.2475;10
F;0.55;0.45;0.145;0.741;medio;0.1435;0.2665;10
M;0.65;0.52;0.19;1.3445;pesado;0.306;0.4465;16
M;0.56;0.455;0.155;0.797;medio;0.19;0.2425;11
M;0.475;0.375;0.13;0.5175;medio;0.1165;0.17;10
F;0.49;0.38;0.125;0.549;medio;0.1075;0.174;10
M;0.46;0.35;0.12;0.515;medio;0.108;0.1565;10
I;0.28;0.205;0.08;0.127;medio;0.039;0.042;9
I;0.175;0.13;0.055;0.0315;medio;0.0065;0.0125;5
I;0.17;0.13;0.095;0.03;medio;0.008;0.01;4
M;0.59;0.475;0.145;1.053;medio;0.262;0.325;15
F;0.605;0.5;0.185;1.1185;medio;0.2585;0.335;9
F;0.635;0.515;0.19;1.3715;pesado;0.305;0.45;10
F;0.605;0.485;0.16;1.0565;medio;0.2355;0.355;10
F;0.565;0.45;0.135;0.9885;medio;0.1495;0.31;12
M;0.515;0.405;0.13;0.722;medio;0.131;0.21;10
F;0.575;0.46;0.19;0.994;medio;0.2425;0.34;13
M;0.645;0.485;0.215;1.514;pesado;0.2615;0.635;16
F;0.58;0.455;0.17;0.9075;medio;0.2135;0.285;13
F;0.575;0.46;0.165;1.124;medio;0.1785;0.44;13
M;0.605;0.465;0.165;1.056;medio;0.2475;0.34;13
F;0.605;0.485;0.16;1.222;pesado;0.2575;0.28;-1300
M;0.61;0.485;0.175;1.2445;pesado;0.297;0.345;12
F;0.725;0.56;0.21;2.141;pesado;0.398;1.005;18
F;0.65;0.545;0.23;1.752;pesado;0.2895;0.815;16
M;0.725;0.57;0.19;2.55;muy pesado;0.483;0.725;14
F;0.725;0.575;0.175;2.124;pesado;0.4515;0.85;20
F;0.68;0.57;0.205;1.842;pesado;0.408;0.65;20
M;0.705;0.56;0.22;1.981;pesado;0.3085;0.76;14
F;0.68;0.515;0.175;1.6185;pesado;0.409;0.62;12
M;0.695;0.55;0.215;1.9565;pesado;0.541;0.59;14
F;0.53;0.395;0.145;0.775;medio;0.169;0.255;7
M;0.525;0.435;0.155;1.065;medio;0.233;0.285;8
F;0.52;0.405;0.115;0.776;medio;0.1845;0.22;8
I;0.235;0.16;0.04;0.048;medio;0.018;0.015;5
I;0.36;0.26;0.09;0.1785;medio;0.037;0.075;7
I;0.315;0.21;0.06;0.125;medio;0.0375;0.035;5
I;0.315;0.245;0.085;0.1435;medio;0.0475;0.05;8
I;0.225;0.16;0.045;0.0465;medio;0.015;0.015;4
M;0.58;0.475;0.15;0.97;medio;0.2165;0.35;11
M;0.57;0.48;0.18;0.9395;medio;0.2;0.295;14
M;0.64;0.51;0.175;1.368;pesado;0.266;0.57;21
F;0.56;0.45;0.16;1.0235;medio;0.268;0.3;10
F;0.62;0.475;0.175;1.0165;medio;0.214;0.325;10
F;0.645;0.51;0.2;1.5675;pesado;0.367;0.46;12
M;0.62;0.49;0.19;1.218;pesado;0.2965;0.355;13
F;0.63;0.48;0.15;1.0525;medio;0.336;0.285;12
F;0.63;0.5;0.185;1.383;pesado;0.3315;0.38;10
F;0.63;0.48;0.16;1.199;pesado;0.335;0.315;11
F;0.585;0.46;0.17;0.9325;medio;0.271;0.29;9
M;0.615;0.48;0.18;1.1595;medio;0.2165;0.325;13
M;0.61;0.485;0.17;1.0225;medio;0.2405;0.36;12
M;0.58;0.45;0.15;0.927;medio;0.1815;0.36;14
I;0.355;0.275;0.085;0.22;medio;0.06;0.15;8
F;0.51;0.4;0.14;0.8145;medio;0.1965;0.195;10
M;0.5;0.405;0.155;0.772;medio;0.1535;0.245;12
F;0.505;0.41;0.15;0.644;medio;0.145;0.21;11
M;;0.5;0.185;1.3035;medio;0.2635;0.465;16
M;0.56;0.45;0.16;0.922;medio;0.178;0.26;15
M;0.585;0.46;0.185;0.922;medio;0.213;0.285;10
F;0.45;0.345;0.12;0.4165;medio;0.095;0.135;9
M;0.5;0.4;0.165;0.825;medio;0.205;0.285;13
F;0.5;0.4;0.145;0.63;medio;0.1465;0.23;12
F;0.53;0.435;0.17;0.8155;medio;0.155;0.275;13
M;0.42;0.335;0.115;0.369;medio;0.071;0.12;8
F;0.44;0.34;0.14;0.482;medio;0.1085;0.16;9
I;0.4;0.3;0.11;0.315;medio;0.067;0.12;9
I;0.435;0.34;0.11;0.3795;medio;0.085;0.12;8
F;0.525;0.415;0.17;0.8325;medio;0.1685;0.31;13
I;0.37;0.28;0.095;0.2655;medio;0.052;0.08;7
F;0.49;0.365;0.145;0.6345;medio;0.1625;0.22;10
M;0.335;0.25;0.09;0.181;medio;0.0415;0.06;7
F;0.415;0.325;0.105;0.38;medio;0.0785;0.12;12
M;0.5;0.405;0.14;0.6155;medio;0.1355;0.205;9
F;0.485;0.395;0.16;0.66;medio;0.128;0.235;14
M;0.55;0.405;0.14;0.8025;medio;0.1635;0.255;10
M;0.45;0.35;0.13;0.46;medio;0.111;0.135;8
I;0.405;0.3;0.12;0.324;medio;0.07;0.11;7
M;0.47;0.36;0.135;0.501;medio;0.115;0.165;10
F;0.415;0.305;0.13;0.32;medio;0.0755;0.105;8
F;0.445;0.325;0.125;0.455;medio;0.1125;0.14;9
F;0.47;0.35;0.145;0.5175;medio;0.1235;0.18;11
F;0.49;0.375;0.15;0.5755;medio;0.144;0.19;9000
F;0.445;0.355;0.15;0.485;medio;0.125;0.155;11
I;0.425;0.38;0.105;0.3265;medio;0.0785;0.1;10
F;0.5;0.37;0.135;0.45;medio;0.1055;0.155;9
F;0.39;0.29;0.125;0.3055;medio;0.082;0.09;7
I;0.365;0.27;0.085;0.205;medio;0.0485;0.07;7
F;0.58;0.465;0.165;1.1015;medio;0.2095;0.35;11
F;0.53;0.415;0.16;0.783;medio;0.158;0.245;15
M;0.555;0.445;0.135;0.836;medio;0.1625;0.275;13
M;0.565;0.44;0.175;0.9025;medio;0.193;0.325;14
M;0.625;0.505;0.215;1.4455;medio;0.287;0.435;22
I;0.275;0.215;0.075;0.1155;medio;0.029;0.035;7
I;0.44;0.35;0.135;0.435;medio;0.083;0.125;12
I;0.295;0.225;0.08;0.124;medio;0.032;0.04;9
I;0.075;0.055;0.01;0.002;liviano;0.0005;0.0015;1
I;0.13;0.1;0.03;0.013;liviano;0.003;0.004;3
I;0.11;0.09;0.03;0.008;liviano;0.002;0.003;3
I;0.16;0.12;0.035;0.021;liviano;0.0045;0.005;5
M;0.565;0.425;0.16;0.9425;medio;0.2185;0.275;17
I;;0.2;0.07;0.1;medio;0.0245;0.035;5
I;0.23;0.175;0.065;0.0645;medio;0.0105;0.02;5
I;0.3;0.23;0.08;0.1275;medio;0.0265;0.04;8
I;0.33;0.255;0.085;0.1655;medio;0.039;0.06;8
I;0.35;0.26;0.085;0.174;medio;0.0345;0.06;10
I;0.32;0.245;0.08;0.1585;medio;0.0325;0.05;13
I;0.36;0.275;0.085;0.1975;medio;0.0415;0.07;9
I;0.305;0.245;0.075;0.156;medio;0.038;0.045;7
I;0.345;0.27;0.11;0.2135;medio;0.0545;0.07;7
I;0.33;0.25;0.105;0.1715;medio;0.035;0.06;7
M;0.59;0.47;0.18;1.1235;medio;0.2805;0.36;13
F;0.595;0.455;0.155;1.0605;pesado;0.2165;0.3;12
F;0.575;0.46;0.185;1.094;medio;0.217;0.345;15
M;0.6;0.495;0.165;1.2415;medio;0.2775;0.34;15
M;0.56;0.45;0.175;1.011;medio;0.2065;0.37;15
M;0.56;0.45;0.185;1.07;medio;0.175;0.41;19
M;0.545;0.46;0.16;0.8975;medio;0.1655;0.345;10
F;0.635;0.505;0.17;1.415;pesado;0.297;0.365;15
F;0.59;0.475;0.16;1.1015;medio;0.2555;0.295;13
F;0.54;0.475;0.155;0.928;medio;0.194;0.26;11
F;0.57;0.44;0.125;0.865;medio;0.1725;0.27;12
M;0.53;0.42;0.165;0.8945;medio;0.239;0.245;11
I;0.245;0.195;0.06;0.095;medio;0.0245;0.026;4
M;0.27;0.2;0.08;0.1205;medio;0.028;0.04;6
F;0.46;0.38;0.13;0.639;medio;0.1525;0.16;11
M;0.52;0.45;0.15;0.895;medio;0.186;0.235;14
M;0.35;0.275;0.11;0.2925;medio;0.0635;0.0905;8
M;0.47;0.39;0.15;0.6355;medio;0.0885;0.255;9
F;0.45;0.36;0.125;0.4995;medio;0.1;0.17;13
F;0.64;0.525;0.215;1.779;medio;0.2855;0.55;22
M;0.59;0.5;0.2;1.187;medio;0.2705;0.37;16
M;0.62;0.485;0.205;1.219;medio;0.2505;0.385;14
M;0.63;0.505;0.225;1.525;pesado;0.3335;0.45;15
M;0.63;0.515;0.155;1.259;medio;0.197;0.41;13
M;0.655;0.54;0.215;1.844;pesado;0.327;0.585;22
F;0.66;0.53;0.185;1.3485;medio;0.245;0.49;12
M;0.61;0.5;0.24;1.642;pesado;0.3345;0.69;18
M;0.635;0.525;0.205;1.484;pesado;0.3115;0.43;20
F;0.515;0.425;0.135;0.712;medio;0.1605;0.25;11
F;0.535;0.415;0.185;0.8415;medio;0.1585;0.3;15
I;0.36;0.285;0.105;0.2415;medio;0.057;0.075;7
F;0.455;0.355;0.12;0.4495;medio;0.104;0.15;9
M;0.485;0.395;0.14;0.6295;medio;0.127;0.225;14
M;0.515;0.38;0.175;0.9565;medio;0.158;0.31;14
F;0.535;0.415;0.17;0.879;medio;0.1965;0.285;10
M;0.53;0.435;0.155;0.699;medio;0.1595;0.205;4599
F;0.495;0.4;0.155;0.6445;medio;0.1325;0.205;17
M;;0.355;0.125;0.4775;medio;0.0815;0.19;9
F;0.535;0.435;0.16;0.8105;medio;0.1795;0.24;10
M;0.54;0.435;0.18;0.996;medio;0.226;0.325;17
F;0.565;0.505;0.21;1.2765;pesado;0.279;0.355;12
M;0.61;0.475;0.165;1.116;medio;0.2205;0.315;15
F;0.565;0.455;0.175;1.013;medio;0.207;0.35;19
M;0.6;0.495;0.195;1.0575;medio;0.19;0.375;26
I;0.295;0.215;0.085;0.128;medio;0.034;0.04;6
I;0.275;0.205;0.075;0.1105;medio;0.0285;0.035;6
I;0.28;0.21;0.085;0.1065;medio;0.0295;0.03;4
M;0.49;0.395;0.14;0.549;medio;0.1275;0.15;11
M;0.37;0.28;0.105;0.234;medio;0.0585;0.075;9
F;0.405;0.305;0.095;0.3485;medio;0.0895;0.1;9
F;0.54;0.435;0.175;0.892;medio;0.174;0.335;13
M;0.37;0.28;0.1;0.252;medio;0.0595;0.074;8
M;0.36;0.27;0.1;0.217;medio;0.0495;0.0715;6
F;0.47;0.36;0.13;0.472;medio;0.114;0.15;10
I;0.2;0.145;0.06;0.037;medio;0.0095;0.011;4
I;0.165;0.12;0.03;0.0215;liviano;0.005;0.005;3
M;0.645;0.515;0.24;1.5415;medio;0.369;0.535;13
M;0.55;0.41;0.125;0.7605;medio;0.1635;0.195;14
M;0.57;0.435;0.145;0.9055;medio;0.2355;0.275;10
F;0.63;0.485;0.19;1.2435;medio;0.3055;0.39;21
M;0.56;0.44;0.14;0.971;medio;0.2045;0.265;14
M;0.595;0.455;0.195;1.3305;medio;0.3235;0.345;19
F;0.62;0.47;0.2;1.2255;medio;0.27;0.435;23
M;0.63;0.485;0.175;1.3;medio;0.2945;0.46;23
I;0.45;0.355;0.11;0.4585;medio;0.067;0.14;8
F;0.635;0.535;0.19;1.242;pesado;0.2475;0.39;14
M;0.45;0.35;0.1;0.3675;medio;0.1015;0.12;10
F;0.58;0.455;0.155;0.8365;medio;0.1385;0.32;18
I;0.33;0.255;0.095;0.172;medio;0.0255;0.06;6
I;0.265;0.21;0.06;0.0965;medio;0.022;0.03;5
I;0.19;0.145;0.04;0.038;medio;0.0065;0.015;4
M;0.385;0.31;0.1;0.2845;medio;0.075;0.1;11
I;0.265;0.205;0.07;0.1055;medio;0.041;0.035;5
M;0.335;0.265;0.105;0.222;medio;0.056;0.075;7
I;0.355;0.275;0.09;0.251;medio;0.053;0.08;7
I;0.32;0.255;0.1;0.1755;medio;0.0415;0.065;7
M;0.51;0.4;0.13;0.6435;medio;0.1665;0.205;12
M;0.36;0.295;0.105;0.241;medio;0.053;0.095;8
I;0.36;0.28;0.09;0.2255;medio;0.04;0.09;8
M;0.5;0.38;0.155;0.5955;medio;0.161;0.2;12
F;0.4;0.325;0.12;0.3185;medio;0.0565;0.095;8
I;0.3;0.22;0.08;0.121;medio;0.042;0.035;5
I;0.235;0.175;0.04;0.0705;medio;0.015;0.02;5
F;0.74;0.6;0.195;1.974;pesado;0.4085;0.71;16
M;0.62;0.465;0.19;1.3415;pesado;0.3175;0.355;11
M;0.6;0.475;0.19;1.0875;medio;0.2655;0.325;14
M;0.59;0.45;0.185;1.283;medio;0.276;0.425;16
M;0.62;0.475;0.185;1.325;pesado;0.325;0.33;13
F;0.565;0.45;0.195;1.0035;medio;0.2505;0.285;15
M;0.575;0.455;0.145;1.165;pesado;0.2275;0.3;13
F;0.62;0.51;0.205;1.3475;medio;0.2565;0.48;14
M;0.62;0.465;0.185;1.274;pesado;0.3065;0.32;12
F;0.505;0.375;0.18;0.568;medio;0.1495;0.17;12
F;0.46;0.425;0.155;0.746;medio;0.152;0.24;8
M;0.49;0.39;0.14;0.707;medio;0.2185;0.18;13
F;0.525;0.42;0.16;0.756;medio;0.173;0.275;9
I;0.34;0.26;0.08;0.2;medio;0.0555;0.055;6
I;0.375;0.305;0.115;0.2715;medio;0.074;0.09;8
M;0.61;0.48;0.15;1.2;pesado;0.2455;0.28;14
F;0.61;0.495;0.185;1.153;pesado;0.2905;0.245;8
F;0.585;0.45;0.17;0.8685;medio;0.1635;0.27;22
M;0.57;0.46;0.14;0.9535;medio;0.2065;0.245;12
M;0.58;0.455;0.17;0.93;medio;0.259;0.22;9
M;0.635;0.515;0.17;1.275;pesado;0.286;0.34;16
M;0.7;0.58;0.205;2.13;pesado;0.49;0.58;20
M;0.675;0.525;0.185;1.587;pesado;0.336;0.395;13
F;0.645;0.525;0.19;1.8085;pesado;0.3885;0.395;18
M;0.745;0.585;0.215;2.499;pesado;0.472;0.7;17
F;0.685;0.545;0.18;1.768;pesado;0.392;0.485;16
M;0.605;0.49;0.18;1.227;medio;0.287;0.35;18
F;0.59;0.465;0.15;0.997;medio;0.246;0.34;12
F;0.65;0.525;0.175;1.4225;pesado;0.2995;0.445;20
F;0.6;0.48;0.15;1.029;medio;0.2705;0.295;16
F;0.62;0.5;0.175;1.186;medio;0.3015;0.35;12
M;0.63;0.515;0.16;1.016;medio;0.244;0.355;19
M;0.58;0.465;0.145;0.887;medio;0.1655;0.265;11
F;0.58;0.455;0.12;1.0735;medio;0.2735;0.265;10
M;0.63;0.49;0.18;1.13;medio;0.2765;0.315;12
F;0.69;0.56;0.215;1.719;pesado;0.299;0.47;17
F;0.65;0.545;0.165;1.566;pesado;0.3455;0.415;16
F;0.66;0.565;0.195;1.7605;pesado;0.3265;0.5;16
F;0.68;0.58;0.2;1.787;pesado;0.453;0.6;19
F;0.7;0.575;0.17;1.31;pesado;0.314;0.42;14
M;0.685;0.52;0.15;1.343;medio;0.292;0.4;13
F;0.675;0.545;0.195;1.7345;pesado;0.3695;0.605;20
M;0.63;0.49;0.19;1.1775;medio;0.3365;0.285;11
F;0.585;0.45;0.16;1.077;medio;0.2875;0.25;10
M;0.565;0.465;0.175;0.995;medio;0.183;0.37;15
F;0.61;0.495;0.185;1.1085;medio;0.3135;0.33;12
M;0.605;0.47;0.18;1.1405;medio;0.2805;0.385;15
M;0.535;0.42;0.145;0.791;medio;0.189;0.25;10
M;0.485;0.4;0.135;0.663;medio;0.137;0.2;10
M;0.47;0.375;0.12;0.5565;medio;0.122;0.195;12
M;0.545;0.425;0.135;0.8445;medio;0.21;0.235;10
F;0.455;0.37;0.105;0.4925;medio;0.1245;0.135;9
M;0.54;0.42;0.155;0.7385;medio;0.152;0.215;12
M;0.46;0.38;0.135;0.482;medio;0.1225;0.145;10
M;0.49;0.42;0.125;0.609;medio;0.1435;0.22;14
I;0.465;0.375;0.12;0.471;medio;0.119;0.14;9
I;0.415;0.325;0.1;0.3215;medio;0.0595;0.105;10
M;0.475;0.375;0.125;0.593;medio;0.115;0.18;10
F;0.47;0.375;0.125;0.5615;medio;0.137;0.18;10
I;0.365;0.295;0.095;0.25;medio;0.0545;0.08;9
I;0.345;0.275;0.095;0.1995;medio;0.0535;0.07;6
I;0.39;0.31;0.1;0.302;medio;0.064;0.115;11
F;0.5;0.395;0.14;0.7155;medio;0.176;0.24;10
M;0.47;0.38;0.145;0.5865;medio;0.144;0.185;8
M;0.535;0.44;0.15;0.6765;medio;0.139;0.26;12
M;0.585;0.455;0.15;0.987;medio;0.2075;0.31;11
F;0.485;0.365;0.12;0.5885;medio;0.131;0.175;9
M;0.515;0.455;0.135;0.7225;medio;0.1625;0.235;9
F;0.435;0.325;0.11;0.4335;medio;0.0985;0.155;7
F;0.515;0.415;0.14;0.6935;medio;0.152;0.2;10
I;0.44;0.345;0.12;0.365;medio;0.083;0.11;7
F;0.525;0.44;0.15;0.8425;medio;0.1985;0.24;12
M;0.45;0.355;0.115;0.479;medio;0.1045;0.15;8
M;0.59;0.485;0.12;0.911;medio;0.182;0.29;16
M;0.555;0.45;0.145;0.915;medio;0.246;0.285;11
M;0.57;0.44;0.095;0.827;medio;0.2215;0.235;8
M;0.59;0.5;0.165;1.1045;medio;0.2425;0.34;15
M;0.585;0.475;0.12;0.945;medio;0.2115;0.28;14
F;0.58;0.46;0.12;0.9935;medio;0.2385;0.28;11
M;0.545;0.44;0.12;0.8565;medio;0.1715;0.24;12
F;0.605;0.495;0.17;1.2385;pesado;0.2465;0.39;14
F;0.62;0.47;0.14;1.0325;medio;0.224;0.36;15
F;0.63;0.5;0.17;1.3135;pesado;0.267;0.4;20
M;0.63;0.515;0.165;1.352;medio;0.349;0.45;20
F;0.63;0.5;0.155;1.005;medio;0.199;0.36;16
M;0.545;0.41;0.14;0.625;medio;0.16;0.235;13
F;0.67;0.54;0.165;1.5015;pesado;0.358;0.505;14
I;0.49;0.38;0.12;0.529;medio;0.139;0.155;11
F;0.49;0.39;0.135;0.5785;medio;0.123;0.2;13
I;0.29;0.225;0.07;0.101;medio;0.0235;0.035;8
I;0.26;0.2;0.07;0.092;medio;0.02;0.03;6
M;0.58;0.45;0.175;1.068;medio;0.203;0.32;13
F;0.61;0.485;0.165;1.0915;medio;0.2435;0.33;18
M;0.6;0.5;0.16;1.015;medio;0.1735;0.33;19
F;0.56;0.455;0.125;0.943;medio;0.129;0.375;21
F;0.575;0.45;0.17;1.0475;medio;0.1705;0.385;18
F;0.57;0.45;0.175;0.9555;medio;0.1665;0.295;18
M;0.6;0.47;0.155;1.036;medio;0.196;0.325;20
M;0.565;0.455;0.17;0.9065;medio;0.156;0.32;18
M;0.545;0.42;0.14;0.7505;medio;0.13;0.255;22
I;0.44;0.345;0.1;0.366;medio;0.0905;0.12;13
M;0.5;0.41;0.15;0.662;medio;0.137;0.22;11
I;0.36;0.275;0.095;0.217;medio;0.0435;0.09;7
I;0.385;0.305;0.095;0.252;medio;0.055;0.09;14
M;0.39;0.3;0.09;0.3055;medio;0.0645;0.085;9
M;0.5;0.415;0.165;0.6885;medio;0.138;0.25;13
I;0.36;0.275;0.11;0.2335;medio;0.0525;0.085;10
I;0.335;0.26;0.1;0.192;medio;0.0585;0.07;8
F;0.505;0.425;0.14;0.85;medio;0.1625;0.285;19
I;0.395;0.295;0.1;0.2715;medio;0.0325;0.085;10
F;0.41;0.325;0.105;0.3635;medio;0.077;0.12;10
F;0.56;0.455;0.19;0.714;medio;0.129;0.275;9
M;0.565;0.435;0.185;0.9815;medio;0.136;0.39;13
M;0.565;0.455;0.185;0.9265;medio;0.1575;0.375;16
M;0.605;0.5;0.175;1.098;medio;0.232;0.375;12
F;0.565;0.455;0.15;0.8205;medio;0.159;0.26;18
M;0.725;0.565;0.215;1.891;pesado;0.4725;0.58;16
F;0.675;0.535;0.16;1.41;pesado;0.3175;0.42;16
F;0.665;0.555;0.195;1.4385;pesado;0.354;0.36;17
F;0.565;0.49;0.155;0.9245;medio;0.2195;0.255;11
F;0.645;0.55;0.175;1.2915;pesado;0.3045;0.33;14
M;0.575;0.47;0.14;0.8375;medio;0.1735;0.24;11
F;0.64;0.54;0.175;1.221;pesado;0.259;0.39;15
I;0.36;0.28;0.105;0.199;medio;0.045;0.08;9
I;0.415;0.31;0.11;0.2965;medio;0.057;0.0995;10
F;0.525;0.41;0.135;0.7085;medio;0.1525;0.235;11
M;0.38;0.285;0.1;0.2665;medio;0.061;0.075;11
F;0.585;0.465;0.17;0.9915;medio;0.224;0.265;12
I;0.24;0.185;0.07;0.0715;medio;0.018;0.025;6
I;0.22;0.165;0.055;0.0545;medio;0.012;0.02;5
I;0.255;0.195;0.07;0.0735;medio;0.02;0.025;6
I;0.175;0.125;0.05;0.0235;liviano;0.0035;0.008;5
F;0.67;0.55;0.19;1.3905;pesado;0.3035;0.4;12
M;0.655;0.53;0.195;1.388;pesado;0.2735;0.41;13
F;0.68;0.55;0.21;1.7445;pesado;0.305;0.625;17
M;0.675;0.555;0.2;1.4385;pesado;0.2665;0.465;21
F;0.53;0.44;0.135;0.7835;medio;0.1715;0.2185;9
F;0.515;0.405;0.12;0.646;medio;0.1405;0.177;10
I;0.43;0.34;0.12;0.3575;medio;0.0645;0.1045;9
F;0.52;0.405;0.12;0.627;medio;0.1415;0.181;11
F;0.545;0.415;0.16;0.7715;medio;0.1455;0.2765;10
M;0.53;0.415;0.175;0.7395;medio;0.1395;0.2645;17
F;0.465;0.35;0.115;0.421;medio;0.091;0.1345;9
M;0.665;0.54;0.175;1.347;medio;0.254;0.415;17
M;0.735;0.59;0.225;1.756;pesado;0.3405;0.58;21
M;0.66;0.545;0.185;1.32;pesado;0.2635;0.455;16
F;0.7;0.585;0.185;1.8075;pesado;0.3215;0.475;29
M;0.575;0.4;0.155;0.9325;medio;0.2445;0.3;17
M;0.57;0.465;0.125;0.849;medio;0.1765;0.24;15
F;0.58;0.46;0.15;0.9955;medio;0.212;0.26;19
M;;0.48;0.145;1.0115;medio;0.237;0.305;12
F;0.585;0.465;0.14;0.908;medio;0.1615;0.315;13
M;0.55;0.45;0.13;0.92;medio;0.2385;0.29;11
F;0.625;0.515;0.15;1.2415;pesado;0.3065;0.36;15
M;0.54;0.42;0.135;0.8075;medio;0.1795;0.235;11
F;0.57;0.455;0.165;1.0595;medio;0.2195;0.285;14
M;0.59;0.455;0.145;1.073;medio;0.19;0.285;14
M;0.58;0.46;0.13;0.921;medio;0.181;0.29;13
F;0.655;0.51;0.155;1.2895;pesado;0.2855;0.41;11
M;0.655;0.53;0.175;1.2635;medio;0.2635;0.415;15
M;0.625;0.5;0.195;1.369;pesado;0.2185;0.37;17
F;0.625;0.5;0.15;0.953;medio;0.2235;0.305;15
F;0.64;0.52;0.175;1.248;medio;0.2595;0.48;12
F;0.605;0.485;0.165;1.0105;medio;0.209;0.3;19
F;0.615;0.525;0.155;1.0385;medio;0.2315;0.345;11
M;0.555;0.45;0.175;0.874;medio;0.202;0.305;10
F;0.58;0.44;0.18;0.854;medio;0.1635;0.245;12
F;0.62;0.52;0.225;1.1835;medio;0.27;0.395;23
F;0.62;0.47;0.225;1.115;medio;0.2145;0.36;15
F;0.6;0.505;0.19;1.129;medio;0.256;0.36;13
F;0.625;0.485;0.19;1.1745;medio;0.2305;0.42;17
M;0.6;0.47;0.175;1.105;medio;0.247;0.315;15
M;0.56;0.46;0.235;0.8395;medio;0.157;0.305;12
M;0.585;0.455;0.225;1.055;medio;0.221;0.365;7500
M;;0.435;0.18;0.889;medio;0.204;0.25;11
I;0.56;0.445;0.155;0.8735;medio;0.209;0.275;16
I;0.68;0.53;0.185;1.1095;medio;0.245;0.34;10
F;0.455;0.35;0.14;0.5185;medio;0.1265;0.135;10
F;0.49;0.38;0.145;0.6725;medio;0.181;0.21;10
M;0.31;0.22;0.085;0.146;medio;0.0365;0.045;6
F;0.275;0.195;0.07;0.08;medio;0.0215;0.025;5
M;0.27;0.195;0.08;0.1;medio;0.0195;0.03;6
M;0.4;0.29;0.115;0.2795;medio;0.0575;0.075;9
M;0.28;0.2;0.08;0.0915;medio;0.0215;0.03;5
M;0.325;0.23;0.09;0.147;medio;0.034;0.045;4
F;0.345;0.25;0.09;0.203;medio;0.059;0.055;6
M;0.21;0.15;0.05;0.0385;medio;0.0085;0.01;3
F;0.36;0.27;0.09;0.1885;medio;0.0385;0.055;5
I;0.365;0.26;0.115;0.218;medio;0.0445;0.07;9
M;0.2;0.14;0.055;0.035;medio;0.008;0.01;5
M;0.235;0.16;0.06;0.0545;medio;0.0095;0.015;4
M;0.175;0.125;0.04;0.024;liviano;0.006;0.005;4
M;0.155;0.11;0.04;0.0155;liviano;0.003;0.005;3
F;0.57;0.445;0.155;0.733;medio;0.159;0.235;14
F;0.57;0.45;0.16;0.9715;medio;0.255;0.26;12
M;0.385;0.3;0.095;0.24;medio;0.059;0.085;9
I;0.53;0.42;0.185;0.752;medio;0.156;0.205;20
F;0.46;0.355;0.13;0.458;medio;0.1055;0.13;13
I;0.47;0.37;0.12;0.4705;medio;0.1055;0.155;12
F;0.435;0.335;0.11;0.38;medio;0.086;0.11;9
I;0.47;0.37;0.14;0.4985;medio;0.1225;0.145;10
I;0.465;0.38;0.13;0.454;medio;0.08;0.155;11
I;0.52;0.405;0.14;0.5775;medio;0.145;0.179;11
M;0.29;0.23;0.075;0.1165;medio;0.0255;0.04;7
M;0.275;0.205;0.07;0.094;medio;0.02;0.0325;5
F;0.375;0.29;0.115;0.2705;medio;0.066;0.0885;10
F;0.5;0.375;0.14;0.604;medio;0.1415;0.179;15
F;0.44;0.355;0.115;0.415;medio;0.0925;0.131;14
M;0.42;0.325;0.115;0.2885;medio;0.057;0.1135;15
M;0.445;0.35;0.115;0.3615;medio;0.0695;0.117;8
F;0.38;0.29;0.105;0.257;medio;0.051;0.085;10
M;0.32;0.245;0.075;0.1555;medio;0.038;0.049;11
M;0.255;0.195;0.065;0.08;medio;0.018;0.027;8
M;0.205;0.155;0.045;0.0425;medio;0.0055;0.0155;7
F;0.565;0.45;0.16;0.795;medio;0.1555;0.23;12
I;0.555;0.425;0.18;0.875;medio;0.2005;0.255;11
I;0.65;0.515;0.16;1.1625;medio;0.203;0.33;17
I;0.615;0.49;0.155;0.9885;medio;0.195;0.345;13
I;0.56;0.44;0.165;0.8;medio;0.1735;0.25;12
I;0.48;0.37;0.12;0.514;medio;0.131;0.155;13
I;0.485;0.39;0.125;0.591;medio;0.141;0.12;9
I;0.5;0.385;0.15;0.6265;medio;0.1665;0.16;10
I;0.525;0.405;0.15;0.795;medio;0.205;0.255;14
F;0.66;0.5;0.165;1.1905;medio;0.298;0.37;12
F;0.66;0.53;0.17;1.326;pesado;0.2625;0.44;13
I;0.52;0.4;0.145;0.66;medio;0.1055;0.22;13
F;0.44;0.34;0.105;0.364;medio;0.0805;0.1175;8
I;0.515;0.4;0.12;0.659;medio;0.179;0.17;13
F;0.475;0.35;0.115;0.452;medio;0.092;0.155;11
F;0.545;0.415;0.15;0.7335;medio;0.163;0.2185;11
F;0.47;0.355;0.13;0.5465;medio;0.126;0.185;14
M;0.35;0.255;0.065;0.179;medio;0.0385;0.06;10
I;0.485;0.355;0.13;0.581;medio;0.132;0.168;12
I;0.435;0.33;0.125;0.406;medio;0.1055;0.096;12
M;0.28;0.21;0.08;0.1085;medio;0.0265;0.0345;7
F;0.41;0.32;0.115;0.387;medio;0.1005;0.0985;11
I;0.45;0.35;0.14;0.474;medio;0.109;0.1275;16
I;0.45;0.345;0.135;0.443;medio;0.0875;0.1175;14
F;0.59;0.455;0.155;1.066;medio;0.2275;0.415;20
F;0.57;0.44;0.14;0.9535;medio;0.201;0.305;17
I;0.61;0.475;0.15;0.9665;medio;0.2;0.345;10
F;0.61;0.475;0.14;1.133;pesado;0.2355;0.35;11
I;0.56;0.425;0.14;0.9175;medio;0.1975;0.26;10
F;0.585;0.435;0.175;0.982;medio;0.2495;0.27;10
I;0.58;0.445;0.15;0.8865;medio;0.209;0.255;11
F;0.63;0.48;0.175;1.3675;pesado;0.3035;0.515;17
F;0.625;0.49;0.175;1.233;pesado;0.247;0.365;11
I;0.55;0.425;0.15;0.806;medio;0.171;0.245;14
F;0.645;0.525;0.19;1.4635;pesado;0.3435;0.435;19
I;0.46;0.355;0.14;0.4935;medio;0.133;0.115;13
F;0.41;0.305;0.1;0.363;medio;0.065;0.11;11
I;0.495;0.39;0.125;0.6655;medio;0.162;0.2;11
I;0.52;0.425;0.17;0.6805;medio;0.174;0.195;10
F;0.55;0.41;0.145;0.8285;medio;0.1905;0.25;13
M;0.45;0.335;0.14;0.4625;medio;0.076;0.15;14
F;0.405;0.31;0.12;0.3095;medio;0.058;0.095;13
I;0.51;0.4;0.15;0.745;medio;0.1675;0.235;13
F;0.37;0.29;0.115;0.25;medio;0.057;0.075;9
I;0.525;0.41;0.175;0.874;medio;0.207;0.205;18
F;0.66;0.52;0.18;1.514;pesado;0.2975;0.42;19
M;0.535;0.42;0.15;0.6995;medio;0.153;0.24;12
I;0.575;0.455;0.18;0.8525;medio;0.1825;0.3;13
F;0.55;0.43;0.14;0.7135;medio;0.186;0.225;9
I;0.605;0.47;0.14;0.939;medio;0.201;0.32;13
I;0.605;0.495;0.145;1.054;medio;0.2255;0.36;12
F;0.56;0.445;0.195;0.981;medio;0.2245;0.335;16
I;0.535;0.42;0.145;0.926;medio;0.1965;0.25;17
F;0.385;0.315;0.11;0.286;medio;0.0635;0.0835;10
F;0.39;0.3;0.1;0.265;medio;0.06;0.0865;13
I;0.47;0.345;0.115;0.4885;medio;0.108;0.166;11
I;;0.39;0.14;0.5555;medio;0.1135;0.2235;12
I;0.425;0.345;0.125;0.425;medio;0.0795;0.154;13
M;0.345;0.27;0.09;0.195;medio;0.0455;0.059;9
I;0.485;0.37;0.13;0.458;medio;0.113;0.136;10
M;0.37;0.285;0.1;0.228;medio;0.0675;0.081;10
M;0.35;0.265;0.09;0.1775;medio;0.042;0.068;12
F;0.44;0.345;0.17;0.4085;medio;0.0825;0.1515;12
M;0.195;0.145;0.05;0.032;medio;0.008;0.012;4
M;0.325;0.24;0.075;0.155;medio;0.0355;0.06;9
I;0.495;0.37;0.125;0.4775;medio;0.0705;0.169;18
I;0.45;0.35;0.145;0.525;medio;0.1;0.1655;15
M;0.415;0.345;0.135;0.3865;medio;0.07;0.148;13
F;0.47;0.355;0.14;0.433;medio;0.095;0.152;12
M;0.32;0.24;0.085;0.17;medio;0.047;0.049;7
M;0.31;0.225;0.075;0.1295;medio;0.0335;0.044;9
M;0.235;0.17;0.055;0.0515;medio;0.0105;0.0195;7
M;0.345;0.255;0.08;0.169;medio;0.0425;0.054;10
I;0.485;0.38;0.14;0.673;medio;0.13;0.195;18
F;0.5;0.385;0.115;0.6785;medio;0.138;0.195;12
F;0.5;0.385;0.105;0.498;medio;0.1095;0.17;17
I;0.465;0.36;0.105;0.498;medio;0.116;0.14;15
F;0.525;0.405;0.16;0.658;medio;0.1125;0.225;12
F;0.425;0.335;0.095;0.322;medio;0.061;0.125;10
F;0.38;0.305;0.095;0.2815;medio;0.0525;0.09;8
I;0.53;0.415;0.145;0.944;medio;0.185;0.265;21
M;0.34;0.265;0.085;0.1835;medio;0.046;0.065;10
I;0.475;0.365;0.115;0.49;medio;0.1235;0.1335;9
F;0.43;0.34;0.12;0.391;medio;0.095;0.1405;7
M;0.46;0.365;0.125;0.467;medio;0.0945;0.158;10
I;0.47;0.36;0.13;0.5225;medio;0.1065;0.165;9
M;0.36;0.295;0.1;0.2105;medio;0.0525;0.075;9
M;0.355;0.265;0.09;0.168;medio;0.041;0.063;8
M;0.38;0.235;0.1;0.258;medio;0.054;0.08;7
M;0.355;0.26;0.085;0.1905;medio;0.0485;0.055;6
I;0.44;0.345;0.12;0.487;medio;0.108;0.16;14
F;0.51;0.4;0.13;0.5735;medio;0.1365;0.195;13
M;0.325;0.24;0.085;0.173;medio;0.038;0.05;7
I;0.62;0.485;0.18;1.1785;medio;0.2655;0.39;13
F;0.59;0.45;0.16;0.9;medio;0.156;0.315;19
M;0.33;0.255;0.095;0.1875;medio;0.045;0.06;7
M;0.45;0.34;0.13;0.3715;medio;0.0795;0.105;9
I;0.445;0.33;0.12;0.347;medio;0.084;0.105;11
M;0.33;0.215;0.075;0.1145;medio;0.0265;0.035;6
M;0.48;0.375;0.145;0.777;medio;0.13;0.17;9
I;0.46;0.35;0.12;0.4885;medio;0.105;0.155;11
F;0.475;0.36;0.125;0.447;medio;0.081;0.14;9
M;0.255;0.18;0.065;0.079;medio;0.014;0.025;5
I;0.335;0.245;0.09;0.1665;medio;0.04;0.06;6
I;0.47;0.35;0.13;0.466;medio;0.099;0.145;11
M;0.31;0.225;0.08;0.1345;medio;0.024;0.05;7
F;0.37;0.28;0.11;0.2305;medio;0.0465;0.075;10
M;0.295;0.215;0.075;0.129;medio;0.0295;0.04;7
F;0.555;0.435;0.165;0.97;medio;0.2315;0.295;17
F;0.615;0.515;0.17;1.14;medio;0.2245;0.42;16
I;0.58;0.49;0.195;1.3165;pesado;0.254;0.41;18
F;0.585;0.475;0.185;0.9585;medio;0.1615;0.33;11
I;0.65;0.525;0.18;1.626;pesado;0.3445;0.53;18
I;0.535;0.45;0.17;0.781;medio;0.1555;0.295;11
F;0.415;0.34;0.13;0.3675;medio;0.0885;0.12;10
F;0.38;0.305;0.105;0.281;medio;0.0615;0.09;12
I;0.45;0.355;0.12;0.412;medio;0.0665;0.16;19
F;0.395;0.295;0.095;0.2245;medio;0.054;0.08;10
M;0.455;0.35;0.12;0.4835;medio;0.144;0.16;11
F;0.485;0.38;0.15;0.605;medio;0.14;0.18;15
M;0.55;0.425;0.155;0.9175;medio;0.243;0.335;13
F;0.45;0.35;0.145;0.5425;medio;0.123;0.175;13
M;0.475;0.385;0.145;0.6175;medio;0.108;0.215;14
F;0.5;0.38;0.155;0.655;medio;0.143;0.205;17
F;0.53;0.41;0.165;0.8115;medio;0.169;0.24;19
M;0.49;0.39;0.15;0.573;medio;0.124;0.17;21
F;0.49;0.385;0.15;0.7865;medio;0.14;0.24;23
F;0.52;0.395;0.18;0.64;medio;0.11;0.245;22
M;0.54;0.415;0.145;0.74;medio;0.168;0.245;12
F;0.5;0.375;0.115;0.5945;medio;0.148;0.19;11
F;0.45;0.38;0.165;0.8165;medio;0.1915;0.265;23
F;0.37;0.275;0.1;0.2225;medio;0.026;0.08;8
I;0.37;0.275;0.1;0.2295;medio;0.0465;0.07;7
M;0.485;0.37;0.14;0.5725;medio;0.1415;0.175;10
F;0.435;0.325;0.115;0.3915;medio;0.094;0.12;7
M;0.535;0.405;0.185;0.8345;medio;0.1725;0.29;16
M;0.51;0.4;0.14;0.6515;medio;0.1665;0.185;10
M;0.565;0.44;0.185;0.909;medio;0.2325;0.255;15
F;0.535;0.4;0.15;0.8045;medio;0.2125;0.21;13
F;0.535;0.405;0.125;0.927;medio;0.1425;0.345;16
M;0.525;0.4;0.17;0.7305;medio;0.2055;0.195;11
M;0.59;0.44;0.15;0.9555;medio;0.2425;0.295;11
M;0.5;0.375;0.15;0.636;medio;0.145;0.19;10
I;0.255;0.19;0.075;0.0865;medio;0.0205;0.025;5
F;0.43;0.325;0.115;0.3865;medio;0.1065;0.11;11
M;0.38;0.29;0.12;0.283;medio;0.0655;0.085;9
I;0.165;0.11;0.02;0.019;liviano;0.0025;0.005;4
I;0.315;0.23;0.09;0.1285;medio;0.04;0.04;7
I;0.155;0.105;0.05;0.0175;liviano;0.0035;0.005;4
M;0.28;0.205;0.1;0.1165;medio;0.0285;0.03;5
F;0.43;0.335;0.12;0.444;medio;0.1145;0.14;13
F;0.395;0.315;0.105;0.3515;medio;0.091;0.1195;16
M;0.385;0.285;0.105;0.2905;medio;0.0685;0.0875;12
F;0.48;0.385;0.135;0.536;medio;0.142;0.173;14
F;0.445;0.33;0.105;0.4525;medio;0.103;0.123;9
M;0.395;0.295;0.115;0.316;medio;0.0595;0.1105;12
M;0.4;0.3;0.125;0.417;medio;0.09;0.1175;9
M;0.415;0.325;0.14;0.417;medio;0.1015;0.144;10
M;0.315;0.25;0.09;0.203;medio;0.037;0.0795;11
F;0.345;0.26;0.09;0.207;medio;0.0435;0.0765;10
M;0.36;0.295;0.13;0.2765;medio;0.057;0.1005;10
I;0.295;0.225;0.09;0.1105;medio;0.0245;0.032;7
I;0.325;0.25;0.08;0.176;medio;0.0355;0.063;7
M;0.375;0.3;0.1;0.2465;medio;0.0475;0.083;11
I;0.28;0.205;0.055;0.1135;medio;0.0275;0.0335;7
M;0.355;0.265;0.085;0.201;medio;0.053;0.0695;8
M;0.35;0.255;0.08;0.1915;medio;0.0385;0.063;9
I;0.275;0.2;0.065;0.1035;medio;0.0205;0.03;7
I;0.29;0.205;0.07;0.0975;medio;0.019;0.035;8
I;0.25;0.19;0.06;0.0765;medio;0.0115;0.0245;6
I;0.18;0.125;0.035;0.0265;liviano;0.0055;0.0085;4
I;0.15;0.1;0.025;0.015;liviano;0.004;0.005;2
I;0.16;0.11;0.025;0.018;liviano;0.0055;0.005;3
M;0.555;0.455;0.16;1.0575;medio;0.228;0.293;13
M;0.555;0.44;0.15;1.092;medio;0.212;0.4405;15
M;0.525;0.41;0.13;0.99;medio;0.243;0.295;15
M;0.465;0.36;0.08;0.488;medio;0.125;0.155;11
F;0.49;0.36;0.11;0.5005;medio;0.107;0.195;17
M;0.4;0.305;0.085;0.297;medio;0.0705;0.1;10
F;0.48;0.375;0.105;0.525;medio;0.1195;0.155;12
M;0.505;0.4;0.125;0.77;medio;0.159;0.255;13
F;0.52;0.4;0.12;0.6515;medio;0.2015;0.165;15
M;0.525;0.4;0.13;0.8295;medio;0.1825;0.275;11
M;0.545;0.42;0.13;0.879;medio;0.1695;0.23;13
M;0.52;0.4;0.12;0.823;medio;0.1805;0.265;15
M;0.505;0.38;0.13;0.656;medio;0.1785;0.22;13
M;0.525;0.425;0.12;0.8665;medio;0.176;0.29;18
M;0.51;0.39;0.125;0.6565;medio;0.1835;0.175;10
M;0.52;0.385;0.115;0.669;medio;0.172;0.205;12
F;0.52;0.405;0.125;0.6435;medio;0.1735;0.21;12
M;0.535;0.41;0.135;0.862;medio;0.1525;0.32;14
M;0.445;0.345;0.09;0.3795;medio;0.074;0.125;10
M;0.53;0.44;0.205;0.835;medio;0.2175;0.245;14
F;0.36;0.265;0.09;0.2065;medio;0.057;0.06;8
F;0.535;0.42;0.15;0.7365;medio;0.186;0.215;14
F;0.52;0.405;0.14;0.8175;medio;0.183;0.26;17
M;0.53;0.415;0.13;0.8425;medio;0.1945;0.265;20
F;;0.42;0.13;1.001;medio;0.226;0.265;17
F;0.66;0.52;0.2;1.676;pesado;0.4805;0.45;17
M;0.52;0.385;0.14;0.6595;medio;0.2035;0.16;9
M;0.535;0.42;0.13;0.8055;medio;0.181;0.28;14
M;0.695;0.515;0.175;1.5165;pesado;0.4105;0.39;15
F;0.51;0.39;0.105;0.612;medio;0.15;0.195;13
M;0.485;0.355;0.12;0.547;medio;0.1615;0.14;10
F;0.605;0.46;0.17;1.122;medio;0.3045;0.315;13
F;0.58;0.455;0.165;1.1365;medio;0.3005;0.275;13
M;0.65;0.515;0.175;1.4805;pesado;0.272;0.525;20
M;0.62;0.505;0.185;1.5275;pesado;0.368;0.35;13
M;0.615;0.525;0.155;1.1375;medio;0.236;0.37;20
F;0.605;0.495;0.19;1.437;medio;0.2655;0.41;15
M;0.57;0.44;0.155;1.116;medio;0.2315;0.27;13
M;0.57;0.43;0.12;1.0615;medio;0.167;0.31;15
M;0.585;0.405;0.15;1.2565;medio;0.202;0.325;15
F;0.55;0.44;0.155;0.946;medio;0.1825;0.335;16
F;0.54;0.44;0.135;0.959;medio;0.221;0.3;17
M;0.64;0.51;0.19;1.613;pesado;0.361;0.47;14
F;0.61;0.47;0.145;1.153;medio;0.296;0.32;14
M;0.545;0.45;0.15;0.978;medio;0.1905;0.3;11
F;0.59;0.445;0.13;1.1325;medio;0.234;0.32;13
M;0.345;0.27;0.095;0.197;medio;0.05;0.07;9
F;0.55;0.43;0.155;0.785;medio;0.227;0.233;11
F;0.53;0.425;0.17;0.949;medio;0.2395;0.278;17
F;0.53;0.455;0.165;0.9805;medio;0.2815;0.2965;11
I;0.485;0.375;0.14;0.521;medio;0.123;0.17;8
M;0.385;0.275;0.115;0.2685;medio;0.0825;0.085;8
M;0.455;0.34;0.135;0.462;medio;0.158;0.12;9
M;0.49;0.38;0.14;0.7605;medio;0.167;0.185;10
M;0.53;0.41;0.165;0.732;medio;0.17;0.31;11
M;0.505;0.385;0.145;0.6775;medio;0.179;0.2;15
M;0.49;0.38;0.14;0.6385;medio;0.142;0.195;13
M;0.465;0.35;0.14;0.5755;medio;0.1505;0.19;15
F;0.47;0.36;0.145;0.537;medio;0.1375;0.195;15
M;0.56;0.41;0.165;0.93;medio;0.237;0.3;13
M;0.505;0.385;0.15;0.6415;medio;0.152;0.215;12
M;0.515;0.435;0.145;0.8815;medio;0.206;0.255;10
I;0.385;0.28;0.125;0.244;medio;0.038;0.085;6
I;0.215;0.155;0.06;0.0525;medio;0.0165;0.015;5
M;0.55;0.415;0.175;1.042;medio;0.2325;0.2905;15
F;0.515;0.39;0.13;0.5755;medio;0.13;0.1845;9
M;0.495;0.385;0.135;0.709;medio;0.1375;0.262;12
F;0.505;0.39;0.16;0.644;medio;0.2025;0.1635;9
F;0.6;0.465;0.165;0.8875;medio;0.246;0.262;12
F;0.57;0.465;0.16;0.8935;medio;0.2575;0.263;10
F;0.485;0.375;0.135;0.556;medio;0.1315;0.1685;10
M;0.47;0.37;0.18;0.51;medio;0.1285;0.1625;9
M;0.575;0.45;0.165;0.9215;medio;0.225;0.256;12
M;0.58;0.465;0.16;1.0345;medio;0.26;0.3635;12
M;0.515;0.405;0.145;0.695;medio;0.1635;0.234;15
M;0.53;0.41;0.155;0.7155;medio;0.1685;0.214;11
M;0.44;0.335;0.11;0.394;medio;0.096;0.122;9
M;0.52;0.42;0.16;0.745;medio;0.157;0.2885;11
F;0.425;0.345;0.11;0.3665;medio;0.081;0.117;11
M;0.46;0.34;0.135;0.495;medio;0.117;0.185;10
M;0.45;0.335;0.125;0.349;medio;0.1055;0.115;10
M;0.425;0.33;0.13;0.4405;medio;0.0935;0.155;9
I;0.37;0.275;0.1;0.22;medio;0.045;0.065;7
M;0.515;0.38;0.135;0.6615;medio;0.2095;0.155;10
M;0.405;0.305;0.12;0.3185;medio;0.0905;0.095;7
I;0.28;0.205;0.07;0.1015;medio;0.03;0.03;6
F;0.48;0.4;0.125;0.759;medio;0.179;0.24;15
F;0.44;0.34;0.13;0.4195;medio;0.1155;0.13;10
F;0.52;0.41;0.115;0.807;medio;0.179;0.235;12
M;0.505;0.405;0.14;0.875;medio;0.174;0.285;12
F;0.49;0.365;0.13;0.6835;medio;0.1315;0.205;21
I;0.235;0.175;0.055;0.067;medio;0.0125;0.018;6
I;0.255;0.185;0.06;0.088;medio;0.021;0.023;5
I;0.315;0.24;0.085;0.1715;medio;0.0345;0.0535;7
I;0.325;0.25;0.08;0.1735;medio;0.0345;0.049;7
I;0.335;0.25;0.08;0.183;medio;0.04;0.0575;6
I;0.35;0.27;0.09;0.2055;medio;0.0575;0.062;6
I;0.35;0.25;0.07;0.18;medio;0.048;0.054;6
I;0.36;0.3;0.085;0.27;medio;0.064;0.0745;7
I;0.365;0.275;0.135;0.24;medio;0.0445;0.0735;7
I;0.37;0.275;0.14;0.2215;medio;0.0455;0.0615;6
I;0.38;0.275;0.095;0.1375;medio;0.0585;0.0605;7
I;0.385;0.29;0.095;0.312;medio;0.0635;0.086;6
I;0.385;0.3;0.1;0.2895;medio;0.063;0.09;7
I;;0.29;0.095;0.319;medio;0.08;0.082;7
I;;0.29;0.095;0.304;medio;0.084;0.077;6
I;0.4;0.31;0.1;0.306;medio;0.06;0.094;6
I;0.41;0.325;0.1;0.394;medio;0.0655;0.106;6
I;0.415;0.32;0.11;0.3735;medio;0.0755;0.109;7
M;0.415;0.305;0.1;0.325;medio;0.0505;0.091;6
I;0.425;0.325;0.1;0.398;medio;0.0645;0.0945;6
I;0.44;0.365;0.115;0.501;medio;0.084;0.1465;9
I;0.445;0.335;0.1;0.4895;medio;0.086;0.1105;7
I;0.445;0.325;0.1;0.378;medio;0.1;0.089;7
I;0.45;0.35;0.13;0.547;medio;0.1405;0.1405;8
M;0.47;0.375;0.12;0.5805;medio;0.0935;0.169;8
I;0.475;0.365;0.125;0.5465;medio;0.1185;0.172;9
F;0.48;0.365;0.135;0.6395;medio;0.113;0.175;8
I;0.485;0.355;0.105;0.498;medio;0.096;0.1525;9
M;0.49;0.385;0.125;0.609;medio;0.096;0.1775;8
F;0.495;0.41;0.125;0.7555;medio;0.129;0.214;9
M;0.5;0.4;0.125;0.5975;medio;0.1275;0.166;9
M;0.505;0.44;0.14;0.8275;medio;0.1855;0.239;8
M;0.525;0.395;0.13;0.7635;medio;0.1425;0.225;8
M;0.54;0.405;0.125;0.891;medio;0.1915;0.202;9
F;0.54;0.42;0.14;0.805;medio;0.1725;0.21;11
F;0.545;0.44;0.135;0.9185;medio;0.2015;0.2375;10
F;0.55;0.43;0.125;0.923;medio;0.175;0.283;8
M;0.55;0.45;0.15;1.0145;medio;0.2015;0.2875;10
F;0.55;0.45;0.15;0.875;medio;0.1755;0.2765;10
M;0.555;0.435;0.145;0.9685;medio;0.168;0.2385;9
M;0.565;0.45;0.155;1.0595;medio;0.24;0.265;10
M;0.57;0.455;0.15;0.952;medio;0.2155;0.2745;9
M;0.57;0.435;0.13;0.7535;medio;0.1755;0.194;10
F;0.575;0.465;0.14;0.958;medio;0.1815;0.2705;9
M;0.59;0.475;0.165;1.077;medio;0.244;0.3095;9
M;0.59;0.46;0.13;1.102;medio;0.2055;0.33;12
F;0.595;0.48;0.15;1.11;medio;0.228;0.33;10
F;0.595;0.48;0.16;1.2095;pesado;0.296;0.32;8
F;0.595;0.475;0.16;1.1405;pesado;0.231;0.271;6
F;0.595;0.465;0.14;1.113;pesado;0.244;0.305;12
M;0.6;0.475;0.175;1.3445;pesado;0.2875;0.36;11
F;0.6;0.475;0.155;1.21;pesado;0.1695;0.3205;10
M;0.6;0.495;0.175;1.29;pesado;0.276;0.3445;11
F;0.605;0.475;0.175;1.382;pesado;0.2325;0.3985;10
M;0.605;0.455;0.16;1.1035;medio;0.3015;0.325;9
F;0.615;0.5;0.175;1.377;pesado;0.33;0.292;12
F;0.615;0.52;0.15;1.3435;pesado;0.2605;0.345;10
M;0.615;0.51;0.15;1.296;pesado;0.3315;0.32;9
M;0.615;0.505;0.165;1.34;pesado;0.2815;0.41;12
F;0.62;0.505;0.16;1.3725;pesado;0.275;0.3685;11
M;0.62;0.5;0.165;1.307;pesado;0.2545;0.315;9
F;0.625;0.49;0.155;1.2085;medio;0.162;0.411;11
F;0.625;0.49;0.2;1.3825;pesado;0.285;0.381;11
M;0.63;0.505;0.165;1.26;medio;0.2755;0.406;14
M;0.635;0.51;0.17;1.3555;pesado;0.305;0.39;9
F;0.635;0.5;0.15;1.376;pesado;0.361;0.31;10
F;0.635;0.485;0.165;1.2945;pesado;0.2605;0.2715;9
F;0.64;0.51;0.165;1.486;pesado;0.332;0.321;8
M;0.65;0.525;0.175;1.4715;pesado;0.315;0.399;11
M;0.655;0.52;0.165;1.4095;pesado;0.291;0.405;9
M;0.655;0.58;0.205;2.0805;pesado;0.3415;0.601;17
M;0.66;0.53;0.17;1.3905;pesado;0.212;0.453;15
M;0.66;0.52;0.19;1.558;pesado;0.298;0.4;10
F;0.67;0.585;0.16;1.309;pesado;0.2945;0.413;10
F;0.675;0.525;0.17;1.8095;pesado;0.391;0.455;12
F;0.675;0.525;0.155;1.4785;pesado;0.3405;0.42;9
F;0.68;0.56;0.195;1.7775;pesado;0.322;0.415;11
F;0.685;0.54;0.16;1.6675;pesado;0.3775;0.475;11
F;0.695;0.56;0.22;1.834;pesado;0.422;0.455;11
M;0.73;0.595;0.23;2.8255;muy pesado;0.419;0.897;17
I;0.205;0.14;0.05;0.046;medio;0.012;0.0135;6
I;0.24;0.175;0.055;0.0705;medio;0.014;0.021;5
I;0.24;0.175;0.065;0.0665;medio;0.0135;0.017;3
I;0.255;0.19;0.05;0.083;medio;0.0215;0.027;6
I;0.255;0.18;0.055;0.083;medio;0.0215;0.02;4
I;;0.195;0.06;0.092;medio;0.025;0.0245;6
I;0.28;0.12;0.075;0.117;medio;0.029;0.0345;4
I;0.295;0.23;0.08;0.1625;medio;0.05;0.0385;5
I;0.3;0.235;0.08;0.131;medio;0.0265;0.043;4
I;0.3;0.23;0.095;0.1385;medio;0.0365;0.037;4
I;0.305;0.22;0.07;0.141;medio;0.031;0.037;5
I;0.315;0.235;0.075;0.1485;medio;0.0375;0.0425;6
I;0.315;0.23;0.07;0.144;medio;0.0305;0.04;8
I;0.32;0.24;0.09;0.1575;medio;0.0265;0.0425;5
I;0.325;0.24;0.075;0.187;medio;0.0445;0.05;6
I;0.33;0.265;0.085;0.196;medio;0.0305;0.0445;6
I;0.335;0.25;0.075;0.1825;medio;0.044;0.055;7
I;;0.25;0.075;0.186;medio;0.038;0.0445;7
I;0.34;0.25;0.075;0.1785;medio;0.0455;0.045;5
I;0.34;0.25;0.07;0.2225;medio;0.0425;0.055;7
I;0.345;0.265;0.1;0.2455;medio;0.0535;0.065;7
I;0.37;0.29;0.095;0.249;medio;0.058;0.067;6
I;0.37;0.28;0.095;0.2865;medio;0.069;0.0795;7
I;0.375;0.28;0.09;0.215;medio;0.06;0.055;6
I;0.385;0.265;0.08;0.251;medio;0.037;0.07;6
I;0.41;0.31;0.09;0.339;medio;0.0695;0.09;7
I;0.41;0.305;0.09;0.3535;medio;0.0745;0.1;7
I;0.41;0.31;0.09;0.3335;medio;0.061;0.091;6
I;0.415;0.33;0.09;0.3595;medio;0.081;0.09;6
I;0.42;0.32;0.115;0.376;medio;0.092;0.1;5
I;0.42;0.315;0.1;0.3435;medio;0.0795;0.09;6
I;0.425;0.34;0.1;0.382;medio;0.096;0.1;6
I;0.425;0.315;0.1;0.377;medio;0.072;0.105;6
I;0.43;0.325;0.1;0.3645;medio;0.0825;0.105;7
I;0.43;0.325;0.09;0.425;medio;0.087;0.095;7
I;0.435;0.325;0.12;0.3995;medio;0.061;0.1125;8
I;0.435;0.34;0.115;0.3925;medio;0.078;0.1145;6
I;0.44;0.345;0.13;0.4495;medio;0.0835;0.134;6
I;0.44;0.325;0.09;0.35;medio;0.067;0.105;7
F;0.445;0.335;0.11;0.4355;medio;0.1095;0.1195;6
I;0.445;0.35;0.13;0.4195;medio;0.0945;0.1195;7
I;0.45;0.36;0.13;0.478;medio;0.127;0.137;7
I;0.45;0.355;0.105;0.4445;medio;0.093;0.1335;8
I;0.45;0.345;0.11;0.47;medio;0.0855;0.1135;7
I;0.45;0.335;0.105;0.447;medio;0.153;0.119;7
I;0.455;0.355;0.125;0.5325;medio;0.126;0.1465;7
I;0.455;0.375;0.12;0.497;medio;0.1055;0.1295;6
I;0.46;0.36;0.1;0.4635;medio;0.093;0.115;7
I;0.46;0.345;0.105;0.449;medio;0.0945;0.1265;7
I;0.465;0.365;0.115;0.467;medio;0.0925;0.113;7
I;0.465;0.37;0.115;0.534;medio;0.098;0.143;7
I;0.465;0.345;0.11;0.4415;medio;0.0905;0.12;7
F;0.465;0.35;0.125;0.482;medio;0.106;0.1095;6
M;0.47;0.365;0.12;0.612;medio;0.15;0.14;8
F;0.47;0.365;0.12;0.582;medio;0.092;0.146;8
M;0.475;0.37;0.125;0.537;medio;0.1215;0.15;9
F;0.475;0.36;0.12;0.5915;medio;0.11;0.127;6
M;0.48;0.375;0.115;0.6765;medio;0.1065;0.17;6
M;0.48;0.385;0.145;0.64;medio;0.1405;0.1575;6
M;0.48;0.36;0.1;0.439;medio;0.099;0.115;8
M;;0.365;0.12;0.6015;medio;0.117;0.14;7
F;0.485;0.37;0.115;0.4785;medio;0.0955;0.129;7
M;0.49;0.385;0.125;0.649;medio;0.124;0.1695;8
M;0.495;0.395;0.135;0.6335;medio;0.1295;0.1495;8
M;0.495;0.4;0.135;0.61;medio;0.1435;0.144;7
M;0.5;0.39;0.135;0.6595;medio;0.1535;0.1565;6
I;0.5;0.385;0.12;0.56;medio;0.103;0.135;8
M;0.5;0.385;0.135;0.6425;medio;0.129;0.1535;7
M;0.5;0.4;0.125;0.6725;medio;0.12;0.1825;7
F;0.505;0.39;0.13;0.674;medio;0.141;0.1785;9
I;0.505;0.39;0.15;0.685;medio;0.131;0.156;8
M;0.505;0.41;0.125;0.642;medio;0.133;0.155;9
I;0.505;0.355;0.125;0.601;medio;0.1205;0.185;8
M;0.51;0.39;0.135;0.769;medio;0.1455;0.19;8
I;0.51;0.375;0.1;0.5785;medio;0.1225;0.175;7
I;0.51;0.405;0.135;0.769;medio;0.1585;0.18;7
M;0.51;0.405;0.15;0.7035;medio;0.134;0.1885;8
M;0.51;0.41;0.145;0.796;medio;0.1815;0.1955;8
F;0.515;0.43;0.14;0.834;medio;0.2;0.23;8
M;0.515;0.39;0.155;0.7125;medio;0.137;0.155;7
F;0.525;0.415;0.14;0.724;medio;0.173;0.175;8888
M;0.525;0.4;0.14;0.7325;medio;0.1575;0.17;11
F;0.53;0.425;0.13;0.7585;medio;0.197;0.205;8
F;0.53;0.425;0.15;0.8495;medio;0.232;0.202;8
M;0.53;0.405;0.125;0.6515;medio;0.1605;0.186;7
F;0.535;0.4;0.135;0.8215;medio;0.196;0.205;8
M;0.535;0.43;0.14;0.7165;medio;0.1595;0.2155;8
M;0.535;0.435;0.14;0.874;medio;0.229;0.2195;8
F;0.55;0.445;0.155;0.9905;pesado;0.178;0.218;9
F;0.55;0.43;0.14;0.8105;medio;0.161;0.275;9
F;0.56;0.455;0.16;0.967;medio;0.207;0.274;9
F;0.565;0.4;0.13;0.6975;medio;0.1665;0.18;8
M;0.57;0.45;0.155;1.195;pesado;0.2565;0.295;10
M;0.57;0.45;0.155;1.1935;pesado;0.21;0.343;10
F;0.57;0.455;0.15;1.107;pesado;0.255;0.27;8
M;0.57;0.445;0.14;1.0635;pesado;0.2195;0.24;8
M;0.57;0.46;0.17;0.9035;medio;0.1935;0.214;7
M;0.575;0.475;0.16;1.114;medio;0.2745;0.29;9
F;0.575;0.46;0.16;1.103;pesado;0.221;0.249;9
F;0.58;0.46;0.15;1.1155;pesado;0.2255;0.29;7
F;;0.46;0.18;1.0515;medio;0.2595;0.276;8
M;0.58;0.455;0.15;1.012;medio;0.2115;0.2835;10
F;0.58;0.45;0.145;1.137;pesado;0.22;0.29;8
M;0.58;0.49;0.13;1.1335;pesado;0.2565;0.237;9
M;0.59;0.465;0.155;1.136;pesado;0.2615;0.275;11
M;0.59;0.47;0.16;1.206;medio;0.2425;0.309;8
F;0.59;0.455;0.145;1.063;pesado;0.2445;0.25;8
F;0.595;0.47;0.155;1.121;medio;0.178;0.155;11
